top1_success,top10_hits,best_percentile,normalized_regret,unique_loci,invalid_action_rate,cost_usd,DMS_id,seed,method
0,6,97.24282165218396,0.4060781300067901,28,0.0,0.0,SPG1_STRSG_Olson_2014,11,random
0,2,94.89442455890732,0.4497450888156891,3,0.0,0.0,SPG1_STRSG_Olson_2014,11,plm_greedy
0,4,97.75831436861452,0.3919523656368255,16,0.0,0.0,SPG1_STRSG_Olson_2014,11,plm_diverse
0,2,94.89442455890732,0.4497450888156891,4,0.0,0.0,SPG1_STRSG_Olson_2014,11,ucb
0,2,94.89442455890732,0.4497450888156891,4,0.0,0.0,SPG1_STRSG_Olson_2014,11,ei
0,2,94.89442455890732,0.4497450888156891,4,0.0,0.0,SPG1_STRSG_Olson_2014,11,thompson
0,2,94.89442455890732,0.4497450888156891,3,0.0,0.0,SPG1_STRSG_Olson_2014,11,prior_first_al
0,2,94.89442455890732,0.4497450888156891,4,0.0,0.0,SPG1_STRSG_Olson_2014,11,folde_lite
0,2,94.89442455890732,0.4497450888156891,4,0.0,0.0,SPG1_STRSG_Olson_2014,11,cider_fixed
0,2,94.89442455890732,0.4497450888156891,4,0.0,0.0,SPG1_STRSG_Olson_2014,11,cider_qwen35_4b
0,2,94.89442455890732,0.4497450888156891,4,0.0,0.0,SPG1_STRSG_Olson_2014,11,cider_qwen3_8b
0,2,94.89442455890732,0.4497450888156891,4,0.0,0.0,SPG1_STRSG_Olson_2014,11,cider_gpt_oss_20b
0,1,92.57042397786064,0.4792776107788086,25,0.0,0.0,SPG1_STRSG_Olson_2014,23,random
0,2,94.89442455890732,0.4497450888156891,3,0.0,0.0,SPG1_STRSG_Olson_2014,23,plm_greedy
0,4,97.75831436861452,0.3919523656368255,16,0.0,0.0,SPG1_STRSG_Olson_2014,23,plm_diverse
0,2,94.89442455890732,0.4497450888156891,4,0.0,0.0,SPG1_STRSG_Olson_2014,23,ucb
0,2,94.89442455890732,0.4497450888156891,4,0.0,0.0,SPG1_STRSG_Olson_2014,23,ei
0,2,94.89442455890732,0.4497450888156891,4,0.0,0.0,SPG1_STRSG_Olson_2014,23,thompson
0,2,94.89442455890732,0.4497450888156891,3,0.0,0.0,SPG1_STRSG_Olson_2014,23,prior_first_al
0,2,94.89442455890732,0.4497450888156891,4,0.0,0.0,SPG1_STRSG_Olson_2014,23,folde_lite
0,2,94.89442455890732,0.4497450888156891,4,0.0,0.0,SPG1_STRSG_Olson_2014,23,cider_fixed
0,2,94.89442455890732,0.4497450888156891,4,0.0,0.0,SPG1_STRSG_Olson_2014,23,cider_qwen35_4b
0,2,94.89442455890732,0.4497450888156891,4,0.0,0.0,SPG1_STRSG_Olson_2014,23,cider_qwen3_8b
0,2,94.89442455890732,0.4497450888156891,4,0.0,0.0,SPG1_STRSG_Olson_2014,23,cider_gpt_oss_20b
0,5,96.0460889224936,0.4311020374298095,26,0.0,0.0,SPG1_STRSG_Olson_2014,37,random
0,2,94.89442455890732,0.4497450888156891,3,0.0,0.0,SPG1_STRSG_Olson_2014,37,plm_greedy
0,4,97.75831436861452,0.3919523656368255,16,0.0,0.0,SPG1_STRSG_Olson_2014,37,plm_diverse
0,2,94.89442455890732,0.4497450888156891,4,0.0,0.0,SPG1_STRSG_Olson_2014,37,ucb
0,2,94.89442455890732,0.4497450888156891,4,0.0,0.0,SPG1_STRSG_Olson_2014,37,ei
0,2,94.89442455890732,0.4497450888156891,4,0.0,0.0,SPG1_STRSG_Olson_2014,37,thompson
0,2,94.89442455890732,0.4497450888156891,3,0.0,0.0,SPG1_STRSG_Olson_2014,37,prior_first_al
0,2,94.89442455890732,0.4497450888156891,4,0.0,0.0,SPG1_STRSG_Olson_2014,37,folde_lite
0,2,94.89442455890732,0.4497450888156891,4,0.0,0.0,SPG1_STRSG_Olson_2014,37,cider_fixed
0,2,94.89442455890732,0.4497450888156891,4,0.0,0.0,SPG1_STRSG_Olson_2014,37,cider_qwen35_4b
0,2,94.89442455890732,0.4497450888156891,4,0.0,0.0,SPG1_STRSG_Olson_2014,37,cider_qwen3_8b
0,2,94.89442455890732,0.4497450888156891,4,0.0,0.0,SPG1_STRSG_Olson_2014,37,cider_gpt_oss_20b
0,8,98.82653380013988,0.8150671124458313,34,0.0,0.0,HIS7_YEAST_Pokusaeva_2019,11,random
1,7,99.78292286203208,0.7412623167037964,26,0.0,0.0,HIS7_YEAST_Pokusaeva_2019,11,plm_greedy
1,6,99.78292286203208,0.7412623167037964,32,0.0,0.0,HIS7_YEAST_Pokusaeva_2019,11,plm_diverse
1,7,99.49691315100466,0.778881847858429,22,0.0,0.0,HIS7_YEAST_Pokusaeva_2019,11,ucb
1,7,99.49691315100466,0.778881847858429,22,0.0,0.0,HIS7_YEAST_Pokusaeva_2019,11,ei
1,7,99.49691315100466,0.778881847858429,22,0.0,0.0,HIS7_YEAST_Pokusaeva_2019,11,thompson
1,7,99.78292286203208,0.7412623167037964,26,0.0,0.0,HIS7_YEAST_Pokusaeva_2019,11,prior_first_al
1,7,99.49691315100466,0.778881847858429,22,0.0,0.0,HIS7_YEAST_Pokusaeva_2019,11,folde_lite
1,7,99.49691315100466,0.778881847858429,22,0.0,0.0,HIS7_YEAST_Pokusaeva_2019,11,cider_fixed
1,7,99.49691315100466,0.778881847858429,22,0.0,0.0,HIS7_YEAST_Pokusaeva_2019,11,cider_qwen35_4b
1,7,99.49691315100466,0.778881847858429,22,0.0,0.0,HIS7_YEAST_Pokusaeva_2019,11,cider_qwen3_8b
1,7,99.49691315100466,0.778881847858429,22,0.0,0.0,HIS7_YEAST_Pokusaeva_2019,11,cider_gpt_oss_20b
1,6,99.368924309213,0.7887763977050781,35,0.0,0.0,HIS7_YEAST_Pokusaeva_2019,23,random
1,7,99.78292286203208,0.7412623167037964,26,0.0,0.0,HIS7_YEAST_Pokusaeva_2019,23,plm_greedy
1,6,99.78292286203208,0.7412623167037964,32,0.0,0.0,HIS7_YEAST_Pokusaeva_2019,23,plm_diverse
1,7,99.49691315100466,0.778881847858429,22,0.0,0.0,HIS7_YEAST_Pokusaeva_2019,23,ucb
1,7,99.49691315100466,0.778881847858429,22,0.0,0.0,HIS7_YEAST_Pokusaeva_2019,23,ei
1,7,99.49691315100466,0.778881847858429,22,0.0,0.0,HIS7_YEAST_Pokusaeva_2019,23,thompson
1,7,99.78292286203208,0.7412623167037964,26,0.0,0.0,HIS7_YEAST_Pokusaeva_2019,23,prior_first_al
1,7,99.49691315100466,0.778881847858429,22,0.0,0.0,HIS7_YEAST_Pokusaeva_2019,23,folde_lite
1,7,99.49691315100466,0.778881847858429,22,0.0,0.0,HIS7_YEAST_Pokusaeva_2019,23,cider_fixed
1,7,99.49691315100466,0.778881847858429,22,0.0,0.0,HIS7_YEAST_Pokusaeva_2019,23,cider_qwen35_4b
1,7,99.49691315100466,0.778881847858429,22,0.0,0.0,HIS7_YEAST_Pokusaeva_2019,23,cider_qwen3_8b
1,7,99.49691315100466,0.778881847858429,22,0.0,0.0,HIS7_YEAST_Pokusaeva_2019,23,cider_gpt_oss_20b
0,5,94.77886148382404,0.8691405057907104,38,0.0,0.0,HIS7_YEAST_Pokusaeva_2019,37,random
1,7,99.78292286203208,0.7412623167037964,26,0.0,0.0,HIS7_YEAST_Pokusaeva_2019,37,plm_greedy
1,6,99.78292286203208,0.7412623167037964,32,0.0,0.0,HIS7_YEAST_Pokusaeva_2019,37,plm_diverse
1,7,99.49691315100466,0.778881847858429,22,0.0,0.0,HIS7_YEAST_Pokusaeva_2019,37,ucb
1,7,99.49691315100466,0.778881847858429,22,0.0,0.0,HIS7_YEAST_Pokusaeva_2019,37,ei
1,7,99.49691315100466,0.778881847858429,22,0.0,0.0,HIS7_YEAST_Pokusaeva_2019,37,thompson
1,7,99.78292286203208,0.7412623167037964,26,0.0,0.0,HIS7_YEAST_Pokusaeva_2019,37,prior_first_al
1,7,99.49691315100466,0.778881847858429,22,0.0,0.0,HIS7_YEAST_Pokusaeva_2019,37,folde_lite
1,7,99.49691315100466,0.778881847858429,22,0.0,0.0,HIS7_YEAST_Pokusaeva_2019,37,cider_fixed
1,7,99.49691315100466,0.778881847858429,22,0.0,0.0,HIS7_YEAST_Pokusaeva_2019,37,cider_qwen35_4b
1,7,99.49691315100466,0.778881847858429,22,0.0,0.0,HIS7_YEAST_Pokusaeva_2019,37,cider_qwen3_8b
1,7,99.49691315100466,0.778881847858429,22,0.0,0.0,HIS7_YEAST_Pokusaeva_2019,37,cider_gpt_oss_20b
1,16,99.9803019178769,0.2230831235647201,24,0.0,0.0,PHOT_CHLRE_Chen_2023,11,random
0,6,98.6527705650962,0.4541333019733429,5,0.0,0.0,PHOT_CHLRE_Chen_2023,11,plm_greedy
1,15,99.951053250482,0.2760635316371918,16,0.0,0.0,PHOT_CHLRE_Chen_2023,11,plm_diverse
1,14,99.9803019178769,0.2230831235647201,4,0.0,0.0,PHOT_CHLRE_Chen_2023,11,ucb
1,14,99.9803019178769,0.2230831235647201,4,0.0,0.0,PHOT_CHLRE_Chen_2023,11,ei
1,14,99.9803019178769,0.2230831235647201,4,0.0,0.0,PHOT_CHLRE_Chen_2023,11,thompson
0,6,98.6527705650962,0.4541333019733429,5,0.0,0.0,PHOT_CHLRE_Chen_2023,11,prior_first_al
1,14,99.9803019178769,0.2230831235647201,4,0.0,0.0,PHOT_CHLRE_Chen_2023,11,folde_lite
1,14,99.9803019178769,0.2230831235647201,4,0.0,0.0,PHOT_CHLRE_Chen_2023,11,cider_fixed
1,14,99.9803019178769,0.2230831235647201,4,0.0,0.0,PHOT_CHLRE_Chen_2023,11,cider_qwen35_4b
1,14,99.9803019178769,0.2230831235647201,4,0.0,0.0,PHOT_CHLRE_Chen_2023,11,cider_qwen3_8b
1,14,99.9803019178769,0.2230831235647201,4,0.0,0.0,PHOT_CHLRE_Chen_2023,11,cider_gpt_oss_20b
1,16,99.96000692417432,0.2659601867198944,26,0.0,0.0,PHOT_CHLRE_Chen_2023,23,random
0,6,98.6527705650962,0.4541333019733429,5,0.0,0.0,PHOT_CHLRE_Chen_2023,23,plm_greedy
1,15,99.951053250482,0.2760635316371918,16,0.0,0.0,PHOT_CHLRE_Chen_2023,23,plm_diverse
1,14,99.9803019178769,0.2230831235647201,4,0.0,0.0,PHOT_CHLRE_Chen_2023,23,ucb
1,14,99.9803019178769,0.2230831235647201,4,0.0,0.0,PHOT_CHLRE_Chen_2023,23,ei
1,14,99.9803019178769,0.2230831235647201,4,0.0,0.0,PHOT_CHLRE_Chen_2023,23,thompson
0,6,98.6527705650962,0.4541333019733429,5,0.0,0.0,PHOT_CHLRE_Chen_2023,23,prior_first_al
1,14,99.9803019178769,0.2230831235647201,4,0.0,0.0,PHOT_CHLRE_Chen_2023,23,folde_lite
1,14,99.9803019178769,0.2230831235647201,4,0.0,0.0,PHOT_CHLRE_Chen_2023,23,cider_fixed
1,14,99.9803019178769,0.2230831235647201,4,0.0,0.0,PHOT_CHLRE_Chen_2023,23,cider_qwen35_4b
1,14,99.9803019178769,0.2230831235647201,4,0.0,0.0,PHOT_CHLRE_Chen_2023,23,cider_qwen3_8b
1,14,99.9803019178769,0.2230831235647201,4,0.0,0.0,PHOT_CHLRE_Chen_2023,23,cider_gpt_oss_20b
1,18,99.89315282727168,0.3251858353614807,23,0.0,0.0,PHOT_CHLRE_Chen_2023,37,random
0,6,98.6527705650962,0.4541333019733429,5,0.0,0.0,PHOT_CHLRE_Chen_2023,37,plm_greedy
1,15,99.951053250482,0.2760635316371918,16,0.0,0.0,PHOT_CHLRE_Chen_2023,37,plm_diverse
1,14,99.9803019178769,0.2230831235647201,4,0.0,0.0,PHOT_CHLRE_Chen_2023,37,ucb
1,14,99.9803019178769,0.2230831235647201,4,0.0,0.0,PHOT_CHLRE_Chen_2023,37,ei
1,14,99.9803019178769,0.2230831235647201,4,0.0,0.0,PHOT_CHLRE_Chen_2023,37,thompson
0,6,98.6527705650962,0.4541333019733429,5,0.0,0.0,PHOT_CHLRE_Chen_2023,37,prior_first_al
1,14,99.9803019178769,0.2230831235647201,4,0.0,0.0,PHOT_CHLRE_Chen_2023,37,folde_lite
1,14,99.9803019178769,0.2230831235647201,4,0.0,0.0,PHOT_CHLRE_Chen_2023,37,cider_fixed
1,14,99.9803019178769,0.2230831235647201,4,0.0,0.0,PHOT_CHLRE_Chen_2023,37,cider_qwen35_4b
1,14,99.9803019178769,0.2230831235647201,4,0.0,0.0,PHOT_CHLRE_Chen_2023,37,cider_qwen3_8b
1,14,99.9803019178769,0.2230831235647201,4,0.0,0.0,PHOT_CHLRE_Chen_2023,37,cider_gpt_oss_20b
0,11,98.68639528655598,0.7945399284362793,4,0.0,0.0,SPG1_STRSG_Wu_2016,11,random
1,26,99.76231922870916,0.5560836791992188,3,0.0,0.0,SPG1_STRSG_Wu_2016,11,plm_greedy
1,25,99.7649973219068,0.5549420118331909,4,0.0,0.0,SPG1_STRSG_Wu_2016,11,plm_diverse
0,17,98.254552758436,0.8389520049095154,2,0.0,0.0,SPG1_STRSG_Wu_2016,11,ucb
0,17,98.254552758436,0.8389520049095154,2,0.0,0.0,SPG1_STRSG_Wu_2016,11,ei
0,17,98.254552758436,0.8389520049095154,2,0.0,0.0,SPG1_STRSG_Wu_2016,11,thompson
1,26,99.76231922870916,0.5560836791992188,3,0.0,0.0,SPG1_STRSG_Wu_2016,11,prior_first_al
0,17,98.254552758436,0.8389520049095154,2,0.0,0.0,SPG1_STRSG_Wu_2016,11,folde_lite
0,17,98.254552758436,0.8389520049095154,2,0.0,0.0,SPG1_STRSG_Wu_2016,11,cider_fixed
0,17,98.254552758436,0.8389520049095154,2,0.0,0.0,SPG1_STRSG_Wu_2016,11,cider_qwen35_4b
0,17,98.254552758436,0.8389520049095154,2,0.0,0.0,SPG1_STRSG_Wu_2016,11,cider_qwen3_8b
0,17,98.254552758436,0.8389520049095154,2,0.0,0.0,SPG1_STRSG_Wu_2016,11,cider_gpt_oss_20b
1,12,99.7649973219068,0.5549420118331909,4,0.0,0.0,SPG1_STRSG_Wu_2016,23,random
1,26,99.76231922870916,0.5560836791992188,3,0.0,0.0,SPG1_STRSG_Wu_2016,23,plm_greedy
1,25,99.7649973219068,0.5549420118331909,4,0.0,0.0,SPG1_STRSG_Wu_2016,23,plm_diverse
0,17,98.254552758436,0.8389520049095154,2,0.0,0.0,SPG1_STRSG_Wu_2016,23,ucb
0,17,98.254552758436,0.8389520049095154,2,0.0,0.0,SPG1_STRSG_Wu_2016,23,ei
0,17,98.254552758436,0.8389520049095154,2,0.0,0.0,SPG1_STRSG_Wu_2016,23,thompson
1,26,99.76231922870916,0.5560836791992188,3,0.0,0.0,SPG1_STRSG_Wu_2016,23,prior_first_al
0,17,98.254552758436,0.8389520049095154,2,0.0,0.0,SPG1_STRSG_Wu_2016,23,folde_lite
0,17,98.254552758436,0.8389520049095154,2,0.0,0.0,SPG1_STRSG_Wu_2016,23,cider_fixed
0,17,98.254552758436,0.8389520049095154,2,0.0,0.0,SPG1_STRSG_Wu_2016,23,cider_qwen35_4b
0,17,98.254552758436,0.8389520049095154,2,0.0,0.0,SPG1_STRSG_Wu_2016,23,cider_qwen3_8b
0,17,98.254552758436,0.8389520049095154,2,0.0,0.0,SPG1_STRSG_Wu_2016,23,cider_gpt_oss_20b
0,7,97.16322978039636,0.9066738486289978,4,0.0,0.0,SPG1_STRSG_Wu_2016,37,random
1,26,99.76231922870916,0.5560836791992188,3,0.0,0.0,SPG1_STRSG_Wu_2016,37,plm_greedy
1,25,99.7649973219068,0.5549420118331909,4,0.0,0.0,SPG1_STRSG_Wu_2016,37,plm_diverse
0,17,98.254552758436,0.8389520049095154,2,0.0,0.0,SPG1_STRSG_Wu_2016,37,ucb
0,17,98.254552758436,0.8389520049095154,2,0.0,0.0,SPG1_STRSG_Wu_2016,37,ei
0,17,98.254552758436,0.8389520049095154,2,0.0,0.0,SPG1_STRSG_Wu_2016,37,thompson
1,26,99.76231922870916,0.5560836791992188,3,0.0,0.0,SPG1_STRSG_Wu_2016,37,prior_first_al
0,17,98.254552758436,0.8389520049095154,2,0.0,0.0,SPG1_STRSG_Wu_2016,37,folde_lite
0,17,98.254552758436,0.8389520049095154,2,0.0,0.0,SPG1_STRSG_Wu_2016,37,cider_fixed
0,17,98.254552758436,0.8389520049095154,2,0.0,0.0,SPG1_STRSG_Wu_2016,37,cider_qwen35_4b
0,17,98.254552758436,0.8389520049095154,2,0.0,0.0,SPG1_STRSG_Wu_2016,37,cider_qwen3_8b
0,17,98.254552758436,0.8389520049095154,2,0.0,0.0,SPG1_STRSG_Wu_2016,37,cider_gpt_oss_20b
0,16,97.65015939147176,0.3461312651634216,29,0.0,0.0,GRB2_HUMAN_Faure_2021,11,random
1,26,99.32771517848688,0.2783282399177551,3,0.0,0.0,GRB2_HUMAN_Faure_2021,11,plm_greedy
0,17,98.31928794621722,0.3274843394756317,16,0.0,0.0,GRB2_HUMAN_Faure_2021,11,plm_diverse
0,23,95.9473534703153,0.384217232465744,3,0.0,0.0,GRB2_HUMAN_Faure_2021,11,ucb
0,23,95.9473534703153,0.384217232465744,3,0.0,0.0,GRB2_HUMAN_Faure_2021,11,ei
0,23,95.9473534703153,0.384217232465744,3,0.0,0.0,GRB2_HUMAN_Faure_2021,11,thompson
1,26,99.32771517848688,0.2783282399177551,3,0.0,0.0,GRB2_HUMAN_Faure_2021,11,prior_first_al
0,23,95.9473534703153,0.384217232465744,3,0.0,0.0,GRB2_HUMAN_Faure_2021,11,folde_lite
0,23,95.9473534703153,0.384217232465744,3,0.0,0.0,GRB2_HUMAN_Faure_2021,11,cider_fixed
0,23,95.9473534703153,0.384217232465744,3,0.0,0.0,GRB2_HUMAN_Faure_2021,11,cider_qwen35_4b
0,23,95.9473534703153,0.384217232465744,3,0.0,0.0,GRB2_HUMAN_Faure_2021,11,cider_qwen3_8b
0,23,95.9473534703153,0.384217232465744,3,0.0,0.0,GRB2_HUMAN_Faure_2021,11,cider_gpt_oss_20b
0,21,98.40450714894423,0.3248064219951629,26,0.0,0.0,GRB2_HUMAN_Faure_2021,23,random
1,26,99.32771517848688,0.2783282399177551,3,0.0,0.0,GRB2_HUMAN_Faure_2021,23,plm_greedy
0,17,98.31928794621722,0.3274843394756317,16,0.0,0.0,GRB2_HUMAN_Faure_2021,23,plm_diverse
0,23,95.9473534703153,0.384217232465744,3,0.0,0.0,GRB2_HUMAN_Faure_2021,23,ucb
0,23,95.9473534703153,0.384217232465744,3,0.0,0.0,GRB2_HUMAN_Faure_2021,23,ei
0,23,95.9473534703153,0.384217232465744,3,0.0,0.0,GRB2_HUMAN_Faure_2021,23,thompson
1,26,99.32771517848688,0.2783282399177551,3,0.0,0.0,GRB2_HUMAN_Faure_2021,23,prior_first_al
0,23,95.9473534703153,0.384217232465744,3,0.0,0.0,GRB2_HUMAN_Faure_2021,23,folde_lite
0,23,95.9473534703153,0.384217232465744,3,0.0,0.0,GRB2_HUMAN_Faure_2021,23,cider_fixed
0,23,95.9473534703153,0.384217232465744,3,0.0,0.0,GRB2_HUMAN_Faure_2021,23,cider_qwen35_4b
0,23,95.9473534703153,0.384217232465744,3,0.0,0.0,GRB2_HUMAN_Faure_2021,23,cider_qwen3_8b
0,23,95.9473534703153,0.384217232465744,3,0.0,0.0,GRB2_HUMAN_Faure_2021,23,cider_gpt_oss_20b
0,13,98.77221222737744,0.3092217147350311,27,0.0,0.0,GRB2_HUMAN_Faure_2021,37,random
1,26,99.32771517848688,0.2783282399177551,3,0.0,0.0,GRB2_HUMAN_Faure_2021,37,plm_greedy
0,17,98.31928794621722,0.3274843394756317,16,0.0,0.0,GRB2_HUMAN_Faure_2021,37,plm_diverse
0,23,95.9473534703153,0.384217232465744,3,0.0,0.0,GRB2_HUMAN_Faure_2021,37,ucb
0,23,95.9473534703153,0.384217232465744,3,0.0,0.0,GRB2_HUMAN_Faure_2021,37,ei
0,23,95.9473534703153,0.384217232465744,3,0.0,0.0,GRB2_HUMAN_Faure_2021,37,thompson
1,26,99.32771517848688,0.2783282399177551,3,0.0,0.0,GRB2_HUMAN_Faure_2021,37,prior_first_al
0,23,95.9473534703153,0.384217232465744,3,0.0,0.0,GRB2_HUMAN_Faure_2021,37,folde_lite
0,23,95.9473534703153,0.384217232465744,3,0.0,0.0,GRB2_HUMAN_Faure_2021,37,cider_fixed
0,23,95.9473534703153,0.384217232465744,3,0.0,0.0,GRB2_HUMAN_Faure_2021,37,cider_qwen35_4b
0,23,95.9473534703153,0.384217232465744,3,0.0,0.0,GRB2_HUMAN_Faure_2021,37,cider_qwen3_8b
0,23,95.9473534703153,0.384217232465744,3,0.0,0.0,GRB2_HUMAN_Faure_2021,37,cider_gpt_oss_20b
0,16,98.77015895115444,0.3222078084945678,44,0.0,0.0,GFP_AEQVI_Sarkisyan_2016,11,random
0,14,97.55772131337744,0.3752481043338775,12,0.0,0.0,GFP_AEQVI_Sarkisyan_2016,11,plm_greedy
0,15,97.55772131337744,0.3752481043338775,17,0.0,0.0,GFP_AEQVI_Sarkisyan_2016,11,plm_diverse
1,13,99.55911358626292,0.2501433491706848,21,0.0,0.0,GFP_AEQVI_Sarkisyan_2016,11,ucb
1,13,99.55911358626292,0.2501433491706848,21,0.0,0.0,GFP_AEQVI_Sarkisyan_2016,11,ei
1,13,99.55911358626292,0.2501433491706848,21,0.0,0.0,GFP_AEQVI_Sarkisyan_2016,11,thompson
0,14,97.55772131337744,0.3752481043338775,12,0.0,0.0,GFP_AEQVI_Sarkisyan_2016,11,prior_first_al
1,13,99.55911358626292,0.2501433491706848,21,0.0,0.0,GFP_AEQVI_Sarkisyan_2016,11,folde_lite
1,13,99.55911358626292,0.2501433491706848,21,0.0,0.0,GFP_AEQVI_Sarkisyan_2016,11,cider_fixed
1,13,99.55911358626292,0.2501433491706848,21,0.0,0.0,GFP_AEQVI_Sarkisyan_2016,11,cider_qwen35_4b
1,13,99.55911358626292,0.2501433491706848,21,0.0,0.0,GFP_AEQVI_Sarkisyan_2016,11,cider_qwen3_8b
1,13,99.55911358626292,0.2501433491706848,21,0.0,0.0,GFP_AEQVI_Sarkisyan_2016,11,cider_gpt_oss_20b
0,13,97.99860772711452,0.3588265180587768,39,0.0,0.0,GFP_AEQVI_Sarkisyan_2016,23,random
0,14,97.55772131337744,0.3752481043338775,12,0.0,0.0,GFP_AEQVI_Sarkisyan_2016,23,plm_greedy
0,15,97.55772131337744,0.3752481043338775,17,0.0,0.0,GFP_AEQVI_Sarkisyan_2016,23,plm_diverse
1,13,99.55911358626292,0.2501433491706848,21,0.0,0.0,GFP_AEQVI_Sarkisyan_2016,23,ucb
1,13,99.55911358626292,0.2501433491706848,21,0.0,0.0,GFP_AEQVI_Sarkisyan_2016,23,ei
1,13,99.55911358626292,0.2501433491706848,21,0.0,0.0,GFP_AEQVI_Sarkisyan_2016,23,thompson
0,14,97.55772131337744,0.3752481043338775,12,0.0,0.0,GFP_AEQVI_Sarkisyan_2016,23,prior_first_al
1,13,99.55911358626292,0.2501433491706848,21,0.0,0.0,GFP_AEQVI_Sarkisyan_2016,23,folde_lite
1,13,99.55911358626292,0.2501433491706848,21,0.0,0.0,GFP_AEQVI_Sarkisyan_2016,23,cider_fixed
1,13,99.55911358626292,0.2501433491706848,21,0.0,0.0,GFP_AEQVI_Sarkisyan_2016,23,cider_qwen35_4b
1,13,99.55911358626292,0.2501433491706848,21,0.0,0.0,GFP_AEQVI_Sarkisyan_2016,23,cider_qwen3_8b
1,13,99.55911358626292,0.2501433491706848,21,0.0,0.0,GFP_AEQVI_Sarkisyan_2016,23,cider_gpt_oss_20b
0,8,98.4317592914878,0.3416111171245575,40,0.0,0.0,GFP_AEQVI_Sarkisyan_2016,37,random
0,14,97.55772131337744,0.3752481043338775,12,0.0,0.0,GFP_AEQVI_Sarkisyan_2016,37,plm_greedy
0,15,97.55772131337744,0.3752481043338775,17,0.0,0.0,GFP_AEQVI_Sarkisyan_2016,37,plm_diverse
1,13,99.55911358626292,0.2501433491706848,21,0.0,0.0,GFP_AEQVI_Sarkisyan_2016,37,ucb
1,13,99.55911358626292,0.2501433491706848,21,0.0,0.0,GFP_AEQVI_Sarkisyan_2016,37,ei
1,13,99.55911358626292,0.2501433491706848,21,0.0,0.0,GFP_AEQVI_Sarkisyan_2016,37,thompson
0,14,97.55772131337744,0.3752481043338775,12,0.0,0.0,GFP_AEQVI_Sarkisyan_2016,37,prior_first_al
1,13,99.55911358626292,0.2501433491706848,21,0.0,0.0,GFP_AEQVI_Sarkisyan_2016,37,folde_lite
1,13,99.55911358626292,0.2501433491706848,21,0.0,0.0,GFP_AEQVI_Sarkisyan_2016,37,cider_fixed
1,13,99.55911358626292,0.2501433491706848,21,0.0,0.0,GFP_AEQVI_Sarkisyan_2016,37,cider_qwen35_4b
1,13,99.55911358626292,0.2501433491706848,21,0.0,0.0,GFP_AEQVI_Sarkisyan_2016,37,cider_qwen3_8b
1,13,99.55911358626292,0.2501433491706848,21,0.0,0.0,GFP_AEQVI_Sarkisyan_2016,37,cider_gpt_oss_20b
0,4,96.77990927990928,0.5584417581558228,25,0.0,0.0,CAPSD_AAV2S_Sinai_2021,11,random
0,16,98.84709884709883,0.463655024766922,3,0.0,0.0,CAPSD_AAV2S_Sinai_2021,11,plm_greedy
0,3,98.84709884709883,0.463655024766922,16,0.0,0.0,CAPSD_AAV2S_Sinai_2021,11,plm_diverse
0,17,98.84709884709883,0.463655024766922,3,0.0,0.0,CAPSD_AAV2S_Sinai_2021,11,ucb
0,17,98.84709884709883,0.463655024766922,3,0.0,0.0,CAPSD_AAV2S_Sinai_2021,11,ei
0,17,98.84709884709883,0.463655024766922,3,0.0,0.0,CAPSD_AAV2S_Sinai_2021,11,thompson
0,16,98.84709884709883,0.463655024766922,3,0.0,0.0,CAPSD_AAV2S_Sinai_2021,11,prior_first_al
0,17,98.84709884709883,0.463655024766922,3,0.0,0.0,CAPSD_AAV2S_Sinai_2021,11,folde_lite
0,17,98.84709884709883,0.463655024766922,3,0.0,0.0,CAPSD_AAV2S_Sinai_2021,11,cider_fixed
0,17,98.84709884709883,0.463655024766922,3,0.0,0.0,CAPSD_AAV2S_Sinai_2021,11,cider_qwen35_4b
0,17,98.84709884709883,0.463655024766922,3,0.0,0.0,CAPSD_AAV2S_Sinai_2021,11,cider_qwen3_8b
0,17,98.84709884709883,0.463655024766922,3,0.0,0.0,CAPSD_AAV2S_Sinai_2021,11,cider_gpt_oss_20b
0,2,94.99621999622,0.6014591455459595,25,0.0,0.0,CAPSD_AAV2S_Sinai_2021,23,random
0,16,98.84709884709883,0.463655024766922,3,0.0,0.0,CAPSD_AAV2S_Sinai_2021,23,plm_greedy
0,3,98.84709884709883,0.463655024766922,16,0.0,0.0,CAPSD_AAV2S_Sinai_2021,23,plm_diverse
0,17,98.84709884709883,0.463655024766922,3,0.0,0.0,CAPSD_AAV2S_Sinai_2021,23,ucb
0,17,98.84709884709883,0.463655024766922,3,0.0,0.0,CAPSD_AAV2S_Sinai_2021,23,ei
0,17,98.84709884709883,0.463655024766922,3,0.0,0.0,CAPSD_AAV2S_Sinai_2021,23,thompson
0,16,98.84709884709883,0.463655024766922,3,0.0,0.0,CAPSD_AAV2S_Sinai_2021,23,prior_first_al
0,17,98.84709884709883,0.463655024766922,3,0.0,0.0,CAPSD_AAV2S_Sinai_2021,23,folde_lite
0,17,98.84709884709883,0.463655024766922,3,0.0,0.0,CAPSD_AAV2S_Sinai_2021,23,cider_fixed
0,17,98.84709884709883,0.463655024766922,3,0.0,0.0,CAPSD_AAV2S_Sinai_2021,23,cider_qwen35_4b
0,17,98.84709884709883,0.463655024766922,3,0.0,0.0,CAPSD_AAV2S_Sinai_2021,23,cider_qwen3_8b
0,17,98.84709884709883,0.463655024766922,3,0.0,0.0,CAPSD_AAV2S_Sinai_2021,23,cider_gpt_oss_20b
1,3,99.64562464562464,0.3696152865886688,24,0.0,0.0,CAPSD_AAV2S_Sinai_2021,37,random
0,16,98.84709884709883,0.463655024766922,3,0.0,0.0,CAPSD_AAV2S_Sinai_2021,37,plm_greedy
0,3,98.84709884709883,0.463655024766922,16,0.0,0.0,CAPSD_AAV2S_Sinai_2021,37,plm_diverse
0,17,98.84709884709883,0.463655024766922,3,0.0,0.0,CAPSD_AAV2S_Sinai_2021,37,ucb
0,17,98.84709884709883,0.463655024766922,3,0.0,0.0,CAPSD_AAV2S_Sinai_2021,37,ei
0,17,98.84709884709883,0.463655024766922,3,0.0,0.0,CAPSD_AAV2S_Sinai_2021,37,thompson
0,16,98.84709884709883,0.463655024766922,3,0.0,0.0,CAPSD_AAV2S_Sinai_2021,37,prior_first_al
0,17,98.84709884709883,0.463655024766922,3,0.0,0.0,CAPSD_AAV2S_Sinai_2021,37,folde_lite
0,17,98.84709884709883,0.463655024766922,3,0.0,0.0,CAPSD_AAV2S_Sinai_2021,37,cider_fixed
0,17,98.84709884709883,0.463655024766922,3,0.0,0.0,CAPSD_AAV2S_Sinai_2021,37,cider_qwen35_4b
0,17,98.84709884709883,0.463655024766922,3,0.0,0.0,CAPSD_AAV2S_Sinai_2021,37,cider_qwen3_8b
0,17,98.84709884709883,0.463655024766922,3,0.0,0.0,CAPSD_AAV2S_Sinai_2021,37,cider_gpt_oss_20b
1,10,99.17789328524452,0.6379270553588867,27,0.0,0.0,PABP_YEAST_Melamed_2013,11,random
1,11,99.17789328524452,0.6379270553588867,4,0.0,0.0,PABP_YEAST_Melamed_2013,11,plm_greedy
0,7,96.3774265407871,0.7311829924583435,16,0.0,0.0,PABP_YEAST_Melamed_2013,11,plm_diverse
1,12,99.17789328524452,0.6379270553588867,5,0.0,0.0,PABP_YEAST_Melamed_2013,11,ucb
1,12,99.17789328524452,0.6379270553588867,5,0.0,0.0,PABP_YEAST_Melamed_2013,11,ei
1,12,99.17789328524452,0.6379270553588867,5,0.0,0.0,PABP_YEAST_Melamed_2013,11,thompson
1,11,99.17789328524452,0.6379270553588867,4,0.0,0.0,PABP_YEAST_Melamed_2013,11,prior_first_al
1,12,99.17789328524452,0.6379270553588867,5,0.0,0.0,PABP_YEAST_Melamed_2013,11,folde_lite
1,12,99.17789328524452,0.6379270553588867,5,0.0,0.0,PABP_YEAST_Melamed_2013,11,cider_fixed
1,12,99.17789328524452,0.6379270553588867,5,0.0,0.0,PABP_YEAST_Melamed_2013,11,cider_qwen35_4b
1,12,99.17789328524452,0.6379270553588867,5,0.0,0.0,PABP_YEAST_Melamed_2013,11,cider_qwen3_8b
1,12,99.17789328524452,0.6379270553588867,5,0.0,0.0,PABP_YEAST_Melamed_2013,11,cider_gpt_oss_20b
0,9,96.61610268378062,0.7275599837303162,30,0.0,0.0,PABP_YEAST_Melamed_2013,23,random
1,11,99.17789328524452,0.6379270553588867,4,0.0,0.0,PABP_YEAST_Melamed_2013,23,plm_greedy
0,7,96.3774265407871,0.7311829924583435,16,0.0,0.0,PABP_YEAST_Melamed_2013,23,plm_diverse
1,12,99.17789328524452,0.6379270553588867,5,0.0,0.0,PABP_YEAST_Melamed_2013,23,ucb
1,12,99.17789328524452,0.6379270553588867,5,0.0,0.0,PABP_YEAST_Melamed_2013,23,ei
1,12,99.17789328524452,0.6379270553588867,5,0.0,0.0,PABP_YEAST_Melamed_2013,23,thompson
1,11,99.17789328524452,0.6379270553588867,4,0.0,0.0,PABP_YEAST_Melamed_2013,23,prior_first_al
1,12,99.17789328524452,0.6379270553588867,5,0.0,0.0,PABP_YEAST_Melamed_2013,23,folde_lite
1,12,99.17789328524452,0.6379270553588867,5,0.0,0.0,PABP_YEAST_Melamed_2013,23,cider_fixed
1,12,99.17789328524452,0.6379270553588867,5,0.0,0.0,PABP_YEAST_Melamed_2013,23,cider_qwen35_4b
1,12,99.17789328524452,0.6379270553588867,5,0.0,0.0,PABP_YEAST_Melamed_2013,23,cider_qwen3_8b
1,12,99.17789328524452,0.6379270553588867,5,0.0,0.0,PABP_YEAST_Melamed_2013,23,cider_gpt_oss_20b
0,7,97.45677309854672,0.7099476456642151,26,0.0,0.0,PABP_YEAST_Melamed_2013,37,random
1,11,99.17789328524452,0.6379270553588867,4,0.0,0.0,PABP_YEAST_Melamed_2013,37,plm_greedy
0,7,96.3774265407871,0.7311829924583435,16,0.0,0.0,PABP_YEAST_Melamed_2013,37,plm_diverse
1,12,99.17789328524452,0.6379270553588867,5,0.0,0.0,PABP_YEAST_Melamed_2013,37,ucb
1,12,99.17789328524452,0.6379270553588867,5,0.0,0.0,PABP_YEAST_Melamed_2013,37,ei
1,12,99.17789328524452,0.6379270553588867,5,0.0,0.0,PABP_YEAST_Melamed_2013,37,thompson
1,11,99.17789328524452,0.6379270553588867,4,0.0,0.0,PABP_YEAST_Melamed_2013,37,prior_first_al
1,12,99.17789328524452,0.6379270553588867,5,0.0,0.0,PABP_YEAST_Melamed_2013,37,folde_lite
1,12,99.17789328524452,0.6379270553588867,5,0.0,0.0,PABP_YEAST_Melamed_2013,37,cider_fixed
1,12,99.17789328524452,0.6379270553588867,5,0.0,0.0,PABP_YEAST_Melamed_2013,37,cider_qwen35_4b
1,12,99.17789328524452,0.6379270553588867,5,0.0,0.0,PABP_YEAST_Melamed_2013,37,cider_qwen3_8b
1,12,99.17789328524452,0.6379270553588867,5,0.0,0.0,PABP_YEAST_Melamed_2013,37,cider_gpt_oss_20b
0,8,96.64279319606088,0.6752321720123291,39,0.0,0.0,Q8WTC7_9CNID_Somermeyer_2022,11,random
0,8,98.5228290062668,0.5407373905181885,11,0.0,0.0,Q8WTC7_9CNID_Somermeyer_2022,11,plm_greedy
0,8,98.9048045359594,0.4542362689971924,20,0.0,0.0,Q8WTC7_9CNID_Somermeyer_2022,11,plm_diverse
0,13,98.5228290062668,0.5407373905181885,10,0.0,0.0,Q8WTC7_9CNID_Somermeyer_2022,11,ucb
0,13,98.5228290062668,0.5407373905181885,10,0.0,0.0,Q8WTC7_9CNID_Somermeyer_2022,11,ei
0,13,98.5228290062668,0.5407373905181885,10,0.0,0.0,Q8WTC7_9CNID_Somermeyer_2022,11,thompson
0,8,98.5228290062668,0.5407373905181885,11,0.0,0.0,Q8WTC7_9CNID_Somermeyer_2022,11,prior_first_al
0,13,98.5228290062668,0.5407373905181885,10,0.0,0.0,Q8WTC7_9CNID_Somermeyer_2022,11,folde_lite
0,13,98.5228290062668,0.5407373905181885,10,0.0,0.0,Q8WTC7_9CNID_Somermeyer_2022,11,cider_fixed
0,13,98.5228290062668,0.5407373905181885,10,0.0,0.0,Q8WTC7_9CNID_Somermeyer_2022,11,cider_qwen35_4b
0,13,98.5228290062668,0.5407373905181885,10,0.0,0.0,Q8WTC7_9CNID_Somermeyer_2022,11,cider_qwen3_8b
0,13,98.5228290062668,0.5407373905181885,10,0.0,0.0,Q8WTC7_9CNID_Somermeyer_2022,11,cider_gpt_oss_20b
0,5,94.18979409131605,0.738440752029419,41,0.0,0.0,Q8WTC7_9CNID_Somermeyer_2022,23,random
0,8,98.5228290062668,0.5407373905181885,11,0.0,0.0,Q8WTC7_9CNID_Somermeyer_2022,23,plm_greedy
0,8,98.9048045359594,0.4542362689971924,20,0.0,0.0,Q8WTC7_9CNID_Somermeyer_2022,23,plm_diverse
0,13,98.5228290062668,0.5407373905181885,10,0.0,0.0,Q8WTC7_9CNID_Somermeyer_2022,23,ucb
0,13,98.5228290062668,0.5407373905181885,10,0.0,0.0,Q8WTC7_9CNID_Somermeyer_2022,23,ei
0,13,98.5228290062668,0.5407373905181885,10,0.0,0.0,Q8WTC7_9CNID_Somermeyer_2022,23,thompson
0,8,98.5228290062668,0.5407373905181885,11,0.0,0.0,Q8WTC7_9CNID_Somermeyer_2022,23,prior_first_al
0,13,98.5228290062668,0.5407373905181885,10,0.0,0.0,Q8WTC7_9CNID_Somermeyer_2022,23,folde_lite
0,13,98.5228290062668,0.5407373905181885,10,0.0,0.0,Q8WTC7_9CNID_Somermeyer_2022,23,cider_fixed
0,13,98.5228290062668,0.5407373905181885,10,0.0,0.0,Q8WTC7_9CNID_Somermeyer_2022,23,cider_qwen35_4b
0,13,98.5228290062668,0.5407373905181885,10,0.0,0.0,Q8WTC7_9CNID_Somermeyer_2022,23,cider_qwen3_8b
0,13,98.5228290062668,0.5407373905181885,10,0.0,0.0,Q8WTC7_9CNID_Somermeyer_2022,23,cider_gpt_oss_20b
1,7,99.56132497761864,0.2532356381416321,39,0.0,0.0,Q8WTC7_9CNID_Somermeyer_2022,37,random
0,8,98.5228290062668,0.5407373905181885,11,0.0,0.0,Q8WTC7_9CNID_Somermeyer_2022,37,plm_greedy
0,8,98.9048045359594,0.4542362689971924,20,0.0,0.0,Q8WTC7_9CNID_Somermeyer_2022,37,plm_diverse
0,13,98.5228290062668,0.5407373905181885,10,0.0,0.0,Q8WTC7_9CNID_Somermeyer_2022,37,ucb
0,13,98.5228290062668,0.5407373905181885,10,0.0,0.0,Q8WTC7_9CNID_Somermeyer_2022,37,ei
0,13,98.5228290062668,0.5407373905181885,10,0.0,0.0,Q8WTC7_9CNID_Somermeyer_2022,37,thompson
0,8,98.5228290062668,0.5407373905181885,11,0.0,0.0,Q8WTC7_9CNID_Somermeyer_2022,37,prior_first_al
0,13,98.5228290062668,0.5407373905181885,10,0.0,0.0,Q8WTC7_9CNID_Somermeyer_2022,37,folde_lite
0,13,98.5228290062668,0.5407373905181885,10,0.0,0.0,Q8WTC7_9CNID_Somermeyer_2022,37,cider_fixed
0,13,98.5228290062668,0.5407373905181885,10,0.0,0.0,Q8WTC7_9CNID_Somermeyer_2022,37,cider_qwen35_4b
0,13,98.5228290062668,0.5407373905181885,10,0.0,0.0,Q8WTC7_9CNID_Somermeyer_2022,37,cider_qwen3_8b
0,13,98.5228290062668,0.5407373905181885,10,0.0,0.0,Q8WTC7_9CNID_Somermeyer_2022,37,cider_gpt_oss_20b
1,7,99.23250851883698,0.2858966886997223,40,0.0,0.0,Q6WV12_9MAXI_Somermeyer_2022,11,random
1,12,99.23250851883698,0.2858966886997223,12,0.0,0.0,Q6WV12_9MAXI_Somermeyer_2022,11,plm_greedy
0,12,98.88538581573836,0.3216815292835235,21,0.0,0.0,Q6WV12_9MAXI_Somermeyer_2022,11,plm_diverse
1,8,99.23250851883698,0.2858966886997223,11,0.0,0.0,Q6WV12_9MAXI_Somermeyer_2022,11,ucb
1,8,99.23250851883698,0.2858966886997223,11,0.0,0.0,Q6WV12_9MAXI_Somermeyer_2022,11,ei
1,8,99.23250851883698,0.2858966886997223,11,0.0,0.0,Q6WV12_9MAXI_Somermeyer_2022,11,thompson
1,12,99.23250851883698,0.2858966886997223,12,0.0,0.0,Q6WV12_9MAXI_Somermeyer_2022,11,prior_first_al
1,8,99.23250851883698,0.2858966886997223,11,0.0,0.0,Q6WV12_9MAXI_Somermeyer_2022,11,folde_lite
1,8,99.23250851883698,0.2858966886997223,11,0.0,0.0,Q6WV12_9MAXI_Somermeyer_2022,11,cider_fixed
1,8,99.23250851883698,0.2858966886997223,11,0.0,0.0,Q6WV12_9MAXI_Somermeyer_2022,11,cider_qwen35_4b
1,8,99.23250851883698,0.2858966886997223,11,0.0,0.0,Q6WV12_9MAXI_Somermeyer_2022,11,cider_qwen3_8b
1,8,99.23250851883698,0.2858966886997223,11,0.0,0.0,Q6WV12_9MAXI_Somermeyer_2022,11,cider_gpt_oss_20b
0,9,98.88538581573836,0.3216815292835235,40,0.0,0.0,Q6WV12_9MAXI_Somermeyer_2022,23,random
1,12,99.23250851883698,0.2858966886997223,12,0.0,0.0,Q6WV12_9MAXI_Somermeyer_2022,23,plm_greedy
0,12,98.88538581573836,0.3216815292835235,21,0.0,0.0,Q6WV12_9MAXI_Somermeyer_2022,23,plm_diverse
1,8,99.23250851883698,0.2858966886997223,11,0.0,0.0,Q6WV12_9MAXI_Somermeyer_2022,23,ucb
1,8,99.23250851883698,0.2858966886997223,11,0.0,0.0,Q6WV12_9MAXI_Somermeyer_2022,23,ei
1,8,99.23250851883698,0.2858966886997223,11,0.0,0.0,Q6WV12_9MAXI_Somermeyer_2022,23,thompson
1,12,99.23250851883698,0.2858966886997223,12,0.0,0.0,Q6WV12_9MAXI_Somermeyer_2022,23,prior_first_al
1,8,99.23250851883698,0.2858966886997223,11,0.0,0.0,Q6WV12_9MAXI_Somermeyer_2022,23,folde_lite
1,8,99.23250851883698,0.2858966886997223,11,0.0,0.0,Q6WV12_9MAXI_Somermeyer_2022,23,cider_fixed
1,8,99.23250851883698,0.2858966886997223,11,0.0,0.0,Q6WV12_9MAXI_Somermeyer_2022,23,cider_qwen35_4b
1,8,99.23250851883698,0.2858966886997223,11,0.0,0.0,Q6WV12_9MAXI_Somermeyer_2022,23,cider_qwen3_8b
1,8,99.23250851883698,0.2858966886997223,11,0.0,0.0,Q6WV12_9MAXI_Somermeyer_2022,23,cider_gpt_oss_20b
0,5,93.74542212031464,0.6124699115753174,37,0.0,0.0,Q6WV12_9MAXI_Somermeyer_2022,37,random
1,12,99.23250851883698,0.2858966886997223,12,0.0,0.0,Q6WV12_9MAXI_Somermeyer_2022,37,plm_greedy
0,12,98.88538581573836,0.3216815292835235,21,0.0,0.0,Q6WV12_9MAXI_Somermeyer_2022,37,plm_diverse
1,8,99.23250851883698,0.2858966886997223,11,0.0,0.0,Q6WV12_9MAXI_Somermeyer_2022,37,ucb
1,8,99.23250851883698,0.2858966886997223,11,0.0,0.0,Q6WV12_9MAXI_Somermeyer_2022,37,ei
1,8,99.23250851883698,0.2858966886997223,11,0.0,0.0,Q6WV12_9MAXI_Somermeyer_2022,37,thompson
1,12,99.23250851883698,0.2858966886997223,12,0.0,0.0,Q6WV12_9MAXI_Somermeyer_2022,37,prior_first_al
1,8,99.23250851883698,0.2858966886997223,11,0.0,0.0,Q6WV12_9MAXI_Somermeyer_2022,37,folde_lite
1,8,99.23250851883698,0.2858966886997223,11,0.0,0.0,Q6WV12_9MAXI_Somermeyer_2022,37,cider_fixed
1,8,99.23250851883698,0.2858966886997223,11,0.0,0.0,Q6WV12_9MAXI_Somermeyer_2022,37,cider_qwen35_4b
1,8,99.23250851883698,0.2858966886997223,11,0.0,0.0,Q6WV12_9MAXI_Somermeyer_2022,37,cider_qwen3_8b
1,8,99.23250851883698,0.2858966886997223,11,0.0,0.0,Q6WV12_9MAXI_Somermeyer_2022,37,cider_gpt_oss_20b
1,15,99.76549284945408,0.3504352271556854,34,0.0,0.0,RASK_HUMAN_Weng_2022_abundance,11,random
1,10,99.98462248193142,0.1064584702253341,11,0.0,0.0,RASK_HUMAN_Weng_2022_abundance,11,plm_greedy
1,6,99.95386744579426,0.1942543983459472,19,0.0,0.0,RASK_HUMAN_Weng_2022_abundance,11,plm_diverse
1,9,99.56942949407966,0.4028293788433075,10,0.0,0.0,RASK_HUMAN_Weng_2022_abundance,11,ucb
1,9,99.56942949407966,0.4028293788433075,10,0.0,0.0,RASK_HUMAN_Weng_2022_abundance,11,ei
1,9,99.56942949407966,0.4028293788433075,10,0.0,0.0,RASK_HUMAN_Weng_2022_abundance,11,thompson
1,10,99.98462248193142,0.1064584702253341,11,0.0,0.0,RASK_HUMAN_Weng_2022_abundance,11,prior_first_al
1,9,99.56942949407966,0.4028293788433075,10,0.0,0.0,RASK_HUMAN_Weng_2022_abundance,11,folde_lite
1,9,99.56942949407966,0.4028293788433075,10,0.0,0.0,RASK_HUMAN_Weng_2022_abundance,11,cider_fixed
1,9,99.56942949407966,0.4028293788433075,10,0.0,0.0,RASK_HUMAN_Weng_2022_abundance,11,cider_qwen35_4b
1,9,99.56942949407966,0.4028293788433075,10,0.0,0.0,RASK_HUMAN_Weng_2022_abundance,11,cider_qwen3_8b
1,9,99.56942949407966,0.4028293788433075,10,0.0,0.0,RASK_HUMAN_Weng_2022_abundance,11,cider_gpt_oss_20b
0,6,98.18929724742426,0.5232067704200745,35,0.0,0.0,RASK_HUMAN_Weng_2022_abundance,23,random
1,10,99.98462248193142,0.1064584702253341,11,0.0,0.0,RASK_HUMAN_Weng_2022_abundance,23,plm_greedy
1,6,99.95386744579426,0.1942543983459472,19,0.0,0.0,RASK_HUMAN_Weng_2022_abundance,23,plm_diverse
1,9,99.56942949407966,0.4028293788433075,10,0.0,0.0,RASK_HUMAN_Weng_2022_abundance,23,ucb
1,9,99.56942949407966,0.4028293788433075,10,0.0,0.0,RASK_HUMAN_Weng_2022_abundance,23,ei
1,9,99.56942949407966,0.4028293788433075,10,0.0,0.0,RASK_HUMAN_Weng_2022_abundance,23,thompson
1,10,99.98462248193142,0.1064584702253341,11,0.0,0.0,RASK_HUMAN_Weng_2022_abundance,23,prior_first_al
1,9,99.56942949407966,0.4028293788433075,10,0.0,0.0,RASK_HUMAN_Weng_2022_abundance,23,folde_lite
1,9,99.56942949407966,0.4028293788433075,10,0.0,0.0,RASK_HUMAN_Weng_2022_abundance,23,cider_fixed
1,9,99.56942949407966,0.4028293788433075,10,0.0,0.0,RASK_HUMAN_Weng_2022_abundance,23,cider_qwen35_4b
1,9,99.56942949407966,0.4028293788433075,10,0.0,0.0,RASK_HUMAN_Weng_2022_abundance,23,cider_qwen3_8b
1,9,99.56942949407966,0.4028293788433075,10,0.0,0.0,RASK_HUMAN_Weng_2022_abundance,23,cider_gpt_oss_20b
1,7,99.98462248193142,0.1064584702253341,35,0.0,0.0,RASK_HUMAN_Weng_2022_abundance,37,random
1,10,99.98462248193142,0.1064584702253341,11,0.0,0.0,RASK_HUMAN_Weng_2022_abundance,37,plm_greedy
1,6,99.95386744579426,0.1942543983459472,19,0.0,0.0,RASK_HUMAN_Weng_2022_abundance,37,plm_diverse
1,9,99.56942949407966,0.4028293788433075,10,0.0,0.0,RASK_HUMAN_Weng_2022_abundance,37,ucb
1,9,99.56942949407966,0.4028293788433075,10,0.0,0.0,RASK_HUMAN_Weng_2022_abundance,37,ei
1,9,99.56942949407966,0.4028293788433075,10,0.0,0.0,RASK_HUMAN_Weng_2022_abundance,37,thompson
1,10,99.98462248193142,0.1064584702253341,11,0.0,0.0,RASK_HUMAN_Weng_2022_abundance,37,prior_first_al
1,9,99.56942949407966,0.4028293788433075,10,0.0,0.0,RASK_HUMAN_Weng_2022_abundance,37,folde_lite
1,9,99.56942949407966,0.4028293788433075,10,0.0,0.0,RASK_HUMAN_Weng_2022_abundance,37,cider_fixed
1,9,99.56942949407966,0.4028293788433075,10,0.0,0.0,RASK_HUMAN_Weng_2022_abundance,37,cider_qwen35_4b
1,9,99.56942949407966,0.4028293788433075,10,0.0,0.0,RASK_HUMAN_Weng_2022_abundance,37,cider_qwen3_8b
1,9,99.56942949407966,0.4028293788433075,10,0.0,0.0,RASK_HUMAN_Weng_2022_abundance,37,cider_gpt_oss_20b
1,13,99.89948940618342,0.1967661678791046,40,0.0,0.0,RASK_HUMAN_Weng_2022_binding-DARPin_K55,11,random
1,23,99.74269287982952,0.2364551872014999,11,0.0,0.0,RASK_HUMAN_Weng_2022_binding-DARPin_K55,11,plm_greedy
1,19,99.80299923611948,0.2197850346565246,20,0.0,0.0,RASK_HUMAN_Weng_2022_binding-DARPin_K55,11,plm_diverse
0,11,98.25915651509668,0.3162800669670105,11,0.0,0.0,RASK_HUMAN_Weng_2022_binding-DARPin_K55,11,ucb
0,11,98.25915651509668,0.3162800669670105,11,0.0,0.0,RASK_HUMAN_Weng_2022_binding-DARPin_K55,11,ei
0,11,98.25915651509668,0.3162800669670105,11,0.0,0.0,RASK_HUMAN_Weng_2022_binding-DARPin_K55,11,thompson
1,23,99.74269287982952,0.2364551872014999,11,0.0,0.0,RASK_HUMAN_Weng_2022_binding-DARPin_K55,11,prior_first_al
0,11,98.25915651509668,0.3162800669670105,11,0.0,0.0,RASK_HUMAN_Weng_2022_binding-DARPin_K55,11,folde_lite
0,11,98.25915651509668,0.3162800669670105,11,0.0,0.0,RASK_HUMAN_Weng_2022_binding-DARPin_K55,11,cider_fixed
0,11,98.25915651509668,0.3162800669670105,11,0.0,0.0,RASK_HUMAN_Weng_2022_binding-DARPin_K55,11,cider_qwen35_4b
0,11,98.25915651509668,0.3162800669670105,11,0.0,0.0,RASK_HUMAN_Weng_2022_binding-DARPin_K55,11,cider_qwen3_8b
0,11,98.25915651509668,0.3162800669670105,11,0.0,0.0,RASK_HUMAN_Weng_2022_binding-DARPin_K55,11,cider_gpt_oss_20b
1,14,99.71052948980824,0.2410830408334732,34,0.0,0.0,RASK_HUMAN_Weng_2022_binding-DARPin_K55,23,random
1,23,99.74269287982952,0.2364551872014999,11,0.0,0.0,RASK_HUMAN_Weng_2022_binding-DARPin_K55,23,plm_greedy
1,19,99.80299923611948,0.2197850346565246,20,0.0,0.0,RASK_HUMAN_Weng_2022_binding-DARPin_K55,23,plm_diverse
0,11,98.25915651509668,0.3162800669670105,11,0.0,0.0,RASK_HUMAN_Weng_2022_binding-DARPin_K55,23,ucb
0,11,98.25915651509668,0.3162800669670105,11,0.0,0.0,RASK_HUMAN_Weng_2022_binding-DARPin_K55,23,ei
0,11,98.25915651509668,0.3162800669670105,11,0.0,0.0,RASK_HUMAN_Weng_2022_binding-DARPin_K55,23,thompson
1,23,99.74269287982952,0.2364551872014999,11,0.0,0.0,RASK_HUMAN_Weng_2022_binding-DARPin_K55,23,prior_first_al
0,11,98.25915651509668,0.3162800669670105,11,0.0,0.0,RASK_HUMAN_Weng_2022_binding-DARPin_K55,23,folde_lite
0,11,98.25915651509668,0.3162800669670105,11,0.0,0.0,RASK_HUMAN_Weng_2022_binding-DARPin_K55,23,cider_fixed
0,11,98.25915651509668,0.3162800669670105,11,0.0,0.0,RASK_HUMAN_Weng_2022_binding-DARPin_K55,23,cider_qwen35_4b
0,11,98.25915651509668,0.3162800669670105,11,0.0,0.0,RASK_HUMAN_Weng_2022_binding-DARPin_K55,23,cider_qwen3_8b
0,11,98.25915651509668,0.3162800669670105,11,0.0,0.0,RASK_HUMAN_Weng_2022_binding-DARPin_K55,23,cider_gpt_oss_20b
1,9,99.46528364089576,0.2628660202026367,36,0.0,0.0,RASK_HUMAN_Weng_2022_binding-DARPin_K55,37,random
1,23,99.74269287982952,0.2364551872014999,11,0.0,0.0,RASK_HUMAN_Weng_2022_binding-DARPin_K55,37,plm_greedy
1,19,99.80299923611948,0.2197850346565246,20,0.0,0.0,RASK_HUMAN_Weng_2022_binding-DARPin_K55,37,plm_diverse
0,11,98.25915651509668,0.3162800669670105,11,0.0,0.0,RASK_HUMAN_Weng_2022_binding-DARPin_K55,37,ucb
0,11,98.25915651509668,0.3162800669670105,11,0.0,0.0,RASK_HUMAN_Weng_2022_binding-DARPin_K55,37,ei
0,11,98.25915651509668,0.3162800669670105,11,0.0,0.0,RASK_HUMAN_Weng_2022_binding-DARPin_K55,37,thompson
1,23,99.74269287982952,0.2364551872014999,11,0.0,0.0,RASK_HUMAN_Weng_2022_binding-DARPin_K55,37,prior_first_al
0,11,98.25915651509668,0.3162800669670105,11,0.0,0.0,RASK_HUMAN_Weng_2022_binding-DARPin_K55,37,folde_lite
0,11,98.25915651509668,0.3162800669670105,11,0.0,0.0,RASK_HUMAN_Weng_2022_binding-DARPin_K55,37,cider_fixed
0,11,98.25915651509668,0.3162800669670105,11,0.0,0.0,RASK_HUMAN_Weng_2022_binding-DARPin_K55,37,cider_qwen35_4b
0,11,98.25915651509668,0.3162800669670105,11,0.0,0.0,RASK_HUMAN_Weng_2022_binding-DARPin_K55,37,cider_qwen3_8b
0,11,98.25915651509668,0.3162800669670105,11,0.0,0.0,RASK_HUMAN_Weng_2022_binding-DARPin_K55,37,cider_gpt_oss_20b
0,9,98.29084234142364,0.2271638065576553,42,0.0,0.0,D7PM05_CLYGR_Somermeyer_2022,11,random
0,9,98.29084234142364,0.2271638065576553,11,0.0,0.0,D7PM05_CLYGR_Somermeyer_2022,11,plm_greedy
0,5,97.04262696308382,0.2620538473129272,17,0.0,0.0,D7PM05_CLYGR_Somermeyer_2022,11,plm_diverse
0,8,98.29084234142364,0.2271638065576553,10,0.0,0.0,D7PM05_CLYGR_Somermeyer_2022,11,ucb
0,8,98.29084234142364,0.2271638065576553,10,0.0,0.0,D7PM05_CLYGR_Somermeyer_2022,11,ei
0,8,98.29084234142364,0.2271638065576553,10,0.0,0.0,D7PM05_CLYGR_Somermeyer_2022,11,thompson
0,9,98.29084234142364,0.2271638065576553,11,0.0,0.0,D7PM05_CLYGR_Somermeyer_2022,11,prior_first_al
0,8,98.29084234142364,0.2271638065576553,10,0.0,0.0,D7PM05_CLYGR_Somermeyer_2022,11,folde_lite
0,8,98.29084234142364,0.2271638065576553,10,0.0,0.0,D7PM05_CLYGR_Somermeyer_2022,11,cider_fixed
0,8,98.29084234142364,0.2271638065576553,10,0.0,0.0,D7PM05_CLYGR_Somermeyer_2022,11,cider_qwen35_4b
0,8,98.29084234142364,0.2271638065576553,10,0.0,0.0,D7PM05_CLYGR_Somermeyer_2022,11,cider_qwen3_8b
0,8,98.29084234142364,0.2271638065576553,10,0.0,0.0,D7PM05_CLYGR_Somermeyer_2022,11,cider_gpt_oss_20b
0,12,96.30022435243728,0.2762864232063293,42,0.0,0.0,D7PM05_CLYGR_Somermeyer_2022,23,random
0,9,98.29084234142364,0.2271638065576553,11,0.0,0.0,D7PM05_CLYGR_Somermeyer_2022,23,plm_greedy
0,5,97.04262696308382,0.2620538473129272,17,0.0,0.0,D7PM05_CLYGR_Somermeyer_2022,23,plm_diverse
0,8,98.29084234142364,0.2271638065576553,10,0.0,0.0,D7PM05_CLYGR_Somermeyer_2022,23,ucb
0,8,98.29084234142364,0.2271638065576553,10,0.0,0.0,D7PM05_CLYGR_Somermeyer_2022,23,ei
0,8,98.29084234142364,0.2271638065576553,10,0.0,0.0,D7PM05_CLYGR_Somermeyer_2022,23,thompson
0,9,98.29084234142364,0.2271638065576553,11,0.0,0.0,D7PM05_CLYGR_Somermeyer_2022,23,prior_first_al
0,8,98.29084234142364,0.2271638065576553,10,0.0,0.0,D7PM05_CLYGR_Somermeyer_2022,23,folde_lite
0,8,98.29084234142364,0.2271638065576553,10,0.0,0.0,D7PM05_CLYGR_Somermeyer_2022,23,cider_fixed
0,8,98.29084234142364,0.2271638065576553,10,0.0,0.0,D7PM05_CLYGR_Somermeyer_2022,23,cider_qwen35_4b
0,8,98.29084234142364,0.2271638065576553,10,0.0,0.0,D7PM05_CLYGR_Somermeyer_2022,23,cider_qwen3_8b
0,8,98.29084234142364,0.2271638065576553,10,0.0,0.0,D7PM05_CLYGR_Somermeyer_2022,23,cider_gpt_oss_20b
0,6,97.76055476239036,0.244296133518219,44,0.0,0.0,D7PM05_CLYGR_Somermeyer_2022,37,random
0,9,98.29084234142364,0.2271638065576553,11,0.0,0.0,D7PM05_CLYGR_Somermeyer_2022,37,plm_greedy
0,5,97.04262696308382,0.2620538473129272,17,0.0,0.0,D7PM05_CLYGR_Somermeyer_2022,37,plm_diverse
0,8,98.29084234142364,0.2271638065576553,10,0.0,0.0,D7PM05_CLYGR_Somermeyer_2022,37,ucb
0,8,98.29084234142364,0.2271638065576553,10,0.0,0.0,D7PM05_CLYGR_Somermeyer_2022,37,ei
0,8,98.29084234142364,0.2271638065576553,10,0.0,0.0,D7PM05_CLYGR_Somermeyer_2022,37,thompson
0,9,98.29084234142364,0.2271638065576553,11,0.0,0.0,D7PM05_CLYGR_Somermeyer_2022,37,prior_first_al
0,8,98.29084234142364,0.2271638065576553,10,0.0,0.0,D7PM05_CLYGR_Somermeyer_2022,37,folde_lite
0,8,98.29084234142364,0.2271638065576553,10,0.0,0.0,D7PM05_CLYGR_Somermeyer_2022,37,cider_fixed
0,8,98.29084234142364,0.2271638065576553,10,0.0,0.0,D7PM05_CLYGR_Somermeyer_2022,37,cider_qwen35_4b
0,8,98.29084234142364,0.2271638065576553,10,0.0,0.0,D7PM05_CLYGR_Somermeyer_2022,37,cider_qwen3_8b
0,8,98.29084234142364,0.2271638065576553,10,0.0,0.0,D7PM05_CLYGR_Somermeyer_2022,37,cider_gpt_oss_20b
0,2,96.94620346807126,0.2915115058422088,32,0.0,0.0,POLG_DEN26_Suphatrakul_2023,11,random
0,0,87.74338639995266,0.3913001418113708,5,0.0,0.0,POLG_DEN26_Suphatrakul_2023,11,plm_greedy
1,2,99.59756169734273,0.2217222154140472,16,0.0,0.0,POLG_DEN26_Suphatrakul_2023,11,plm_diverse
0,3,91.98082499852045,0.3526617884635925,6,0.0,0.0,POLG_DEN26_Suphatrakul_2023,11,ucb
0,3,91.98082499852045,0.3526617884635925,6,0.0,0.0,POLG_DEN26_Suphatrakul_2023,11,ei
0,3,91.98082499852045,0.3526617884635925,6,0.0,0.0,POLG_DEN26_Suphatrakul_2023,11,thompson
0,0,87.74338639995266,0.3913001418113708,5,0.0,0.0,POLG_DEN26_Suphatrakul_2023,11,prior_first_al
0,3,91.98082499852045,0.3526617884635925,6,0.0,0.0,POLG_DEN26_Suphatrakul_2023,11,folde_lite
0,3,91.98082499852045,0.3526617884635925,6,0.0,0.0,POLG_DEN26_Suphatrakul_2023,11,cider_fixed
0,3,91.98082499852045,0.3526617884635925,6,0.0,0.0,POLG_DEN26_Suphatrakul_2023,11,cider_qwen35_4b
0,3,91.98082499852045,0.3526617884635925,6,0.0,0.0,POLG_DEN26_Suphatrakul_2023,11,cider_qwen3_8b
0,3,91.98082499852045,0.3526617884635925,6,0.0,0.0,POLG_DEN26_Suphatrakul_2023,11,cider_gpt_oss_20b
0,2,95.56726046043676,0.3123239576816559,30,0.0,0.0,POLG_DEN26_Suphatrakul_2023,23,random
0,0,87.74338639995266,0.3913001418113708,5,0.0,0.0,POLG_DEN26_Suphatrakul_2023,23,plm_greedy
1,2,99.59756169734273,0.2217222154140472,16,0.0,0.0,POLG_DEN26_Suphatrakul_2023,23,plm_diverse
0,3,91.98082499852045,0.3526617884635925,6,0.0,0.0,POLG_DEN26_Suphatrakul_2023,23,ucb
0,3,91.98082499852045,0.3526617884635925,6,0.0,0.0,POLG_DEN26_Suphatrakul_2023,23,ei
0,3,91.98082499852045,0.3526617884635925,6,0.0,0.0,POLG_DEN26_Suphatrakul_2023,23,thompson
0,0,87.74338639995266,0.3913001418113708,5,0.0,0.0,POLG_DEN26_Suphatrakul_2023,23,prior_first_al
0,3,91.98082499852045,0.3526617884635925,6,0.0,0.0,POLG_DEN26_Suphatrakul_2023,23,folde_lite
0,3,91.98082499852045,0.3526617884635925,6,0.0,0.0,POLG_DEN26_Suphatrakul_2023,23,cider_fixed
0,3,91.98082499852045,0.3526617884635925,6,0.0,0.0,POLG_DEN26_Suphatrakul_2023,23,cider_qwen35_4b
0,3,91.98082499852045,0.3526617884635925,6,0.0,0.0,POLG_DEN26_Suphatrakul_2023,23,cider_qwen3_8b
0,3,91.98082499852045,0.3526617884635925,6,0.0,0.0,POLG_DEN26_Suphatrakul_2023,23,cider_gpt_oss_20b
1,5,99.59756169734273,0.2217222154140472,31,0.0,0.0,POLG_DEN26_Suphatrakul_2023,37,random
0,0,87.74338639995266,0.3913001418113708,5,0.0,0.0,POLG_DEN26_Suphatrakul_2023,37,plm_greedy
1,2,99.59756169734273,0.2217222154140472,16,0.0,0.0,POLG_DEN26_Suphatrakul_2023,37,plm_diverse
0,3,91.98082499852045,0.3526617884635925,6,0.0,0.0,POLG_DEN26_Suphatrakul_2023,37,ucb
0,3,91.98082499852045,0.3526617884635925,6,0.0,0.0,POLG_DEN26_Suphatrakul_2023,37,ei
0,3,91.98082499852045,0.3526617884635925,6,0.0,0.0,POLG_DEN26_Suphatrakul_2023,37,thompson
0,0,87.74338639995266,0.3913001418113708,5,0.0,0.0,POLG_DEN26_Suphatrakul_2023,37,prior_first_al
0,3,91.98082499852045,0.3526617884635925,6,0.0,0.0,POLG_DEN26_Suphatrakul_2023,37,folde_lite
0,3,91.98082499852045,0.3526617884635925,6,0.0,0.0,POLG_DEN26_Suphatrakul_2023,37,cider_fixed
0,3,91.98082499852045,0.3526617884635925,6,0.0,0.0,POLG_DEN26_Suphatrakul_2023,37,cider_qwen35_4b
0,3,91.98082499852045,0.3526617884635925,6,0.0,0.0,POLG_DEN26_Suphatrakul_2023,37,cider_qwen3_8b
0,3,91.98082499852045,0.3526617884635925,6,0.0,0.0,POLG_DEN26_Suphatrakul_2023,37,cider_gpt_oss_20b
1,3,99.09808342728296,0.0377804525196552,31,0.0,0.0,HMDH_HUMAN_Jiang_2019,11,random
0,5,98.24956980952946,0.062967337667942,48,0.0,0.0,HMDH_HUMAN_Jiang_2019,11,plm_greedy
1,7,99.97626535334956,0.0027548086363822,38,0.0,0.0,HMDH_HUMAN_Jiang_2019,11,plm_diverse
0,5,98.6115231709488,0.0539158098399639,27,0.0,0.0,HMDH_HUMAN_Jiang_2019,11,ucb
0,5,98.6115231709488,0.0539158098399639,27,0.0,0.0,HMDH_HUMAN_Jiang_2019,11,ei
0,5,98.6115231709488,0.0539158098399639,27,0.0,0.0,HMDH_HUMAN_Jiang_2019,11,thompson
0,5,98.24956980952946,0.062967337667942,48,0.0,0.0,HMDH_HUMAN_Jiang_2019,11,prior_first_al
0,5,98.6115231709488,0.0539158098399639,27,0.0,0.0,HMDH_HUMAN_Jiang_2019,11,folde_lite
0,5,98.6115231709488,0.0539158098399639,27,0.0,0.0,HMDH_HUMAN_Jiang_2019,11,cider_fixed
0,5,98.6115231709488,0.0539158098399639,27,0.0,0.0,HMDH_HUMAN_Jiang_2019,11,cider_qwen35_4b
0,5,98.6115231709488,0.0539158098399639,27,0.0,0.0,HMDH_HUMAN_Jiang_2019,11,cider_qwen3_8b
0,5,98.6115231709488,0.0539158098399639,27,0.0,0.0,HMDH_HUMAN_Jiang_2019,11,cider_gpt_oss_20b
1,5,99.26422595383612,0.0297127123922109,29,0.0,0.0,HMDH_HUMAN_Jiang_2019,23,random
0,5,98.24956980952946,0.062967337667942,48,0.0,0.0,HMDH_HUMAN_Jiang_2019,23,plm_greedy
1,7,99.97626535334956,0.0027548086363822,38,0.0,0.0,HMDH_HUMAN_Jiang_2019,23,plm_diverse
0,5,98.6115231709488,0.0539158098399639,27,0.0,0.0,HMDH_HUMAN_Jiang_2019,23,ucb
0,5,98.6115231709488,0.0539158098399639,27,0.0,0.0,HMDH_HUMAN_Jiang_2019,23,ei
0,5,98.6115231709488,0.0539158098399639,27,0.0,0.0,HMDH_HUMAN_Jiang_2019,23,thompson
0,5,98.24956980952946,0.062967337667942,48,0.0,0.0,HMDH_HUMAN_Jiang_2019,23,prior_first_al
0,5,98.6115231709488,0.0539158098399639,27,0.0,0.0,HMDH_HUMAN_Jiang_2019,23,folde_lite
0,5,98.6115231709488,0.0539158098399639,27,0.0,0.0,HMDH_HUMAN_Jiang_2019,23,cider_fixed
0,5,98.6115231709488,0.0539158098399639,27,0.0,0.0,HMDH_HUMAN_Jiang_2019,23,cider_qwen35_4b
0,5,98.6115231709488,0.0539158098399639,27,0.0,0.0,HMDH_HUMAN_Jiang_2019,23,cider_qwen3_8b
0,5,98.6115231709488,0.0539158098399639,27,0.0,0.0,HMDH_HUMAN_Jiang_2019,23,cider_gpt_oss_20b
1,7,99.97626535334956,0.0027548086363822,29,0.0,0.0,HMDH_HUMAN_Jiang_2019,37,random
0,5,98.24956980952946,0.062967337667942,48,0.0,0.0,HMDH_HUMAN_Jiang_2019,37,plm_greedy
1,7,99.97626535334956,0.0027548086363822,38,0.0,0.0,HMDH_HUMAN_Jiang_2019,37,plm_diverse
0,5,98.6115231709488,0.0539158098399639,27,0.0,0.0,HMDH_HUMAN_Jiang_2019,37,ucb
0,5,98.6115231709488,0.0539158098399639,27,0.0,0.0,HMDH_HUMAN_Jiang_2019,37,ei
0,5,98.6115231709488,0.0539158098399639,27,0.0,0.0,HMDH_HUMAN_Jiang_2019,37,thompson
0,5,98.24956980952946,0.062967337667942,48,0.0,0.0,HMDH_HUMAN_Jiang_2019,37,prior_first_al
0,5,98.6115231709488,0.0539158098399639,27,0.0,0.0,HMDH_HUMAN_Jiang_2019,37,folde_lite
0,5,98.6115231709488,0.0539158098399639,27,0.0,0.0,HMDH_HUMAN_Jiang_2019,37,cider_fixed
0,5,98.6115231709488,0.0539158098399639,27,0.0,0.0,HMDH_HUMAN_Jiang_2019,37,cider_qwen35_4b
0,5,98.6115231709488,0.0539158098399639,27,0.0,0.0,HMDH_HUMAN_Jiang_2019,37,cider_qwen3_8b
0,5,98.6115231709488,0.0539158098399639,27,0.0,0.0,HMDH_HUMAN_Jiang_2019,37,cider_gpt_oss_20b
0,0,89.22920771389336,0.6018519401550293,31,0.0,0.0,MSH2_HUMAN_Jia_2020,11,random
0,0,76.90011343960833,0.7523148059844971,7,0.0,0.0,MSH2_HUMAN_Jia_2020,11,plm_greedy
0,5,98.01779210699146,0.4097222089767456,16,0.0,0.0,MSH2_HUMAN_Jia_2020,11,plm_diverse
0,3,98.1133201982208,0.4050925672054291,19,0.0,0.0,MSH2_HUMAN_Jia_2020,11,ucb
0,3,98.1133201982208,0.4050925672054291,19,0.0,0.0,MSH2_HUMAN_Jia_2020,11,ei
0,3,98.1133201982208,0.4050925672054291,19,0.0,0.0,MSH2_HUMAN_Jia_2020,11,thompson
0,0,76.90011343960833,0.7523148059844971,7,0.0,0.0,MSH2_HUMAN_Jia_2020,11,prior_first_al
0,3,98.1133201982208,0.4050925672054291,19,0.0,0.0,MSH2_HUMAN_Jia_2020,11,folde_lite
0,3,98.1133201982208,0.4050925672054291,19,0.0,0.0,MSH2_HUMAN_Jia_2020,11,cider_fixed
0,3,98.1133201982208,0.4050925672054291,19,0.0,0.0,MSH2_HUMAN_Jia_2020,11,cider_qwen35_4b
0,3,98.1133201982208,0.4050925672054291,19,0.0,0.0,MSH2_HUMAN_Jia_2020,11,cider_qwen3_8b
0,3,98.1133201982208,0.4050925672054291,19,0.0,0.0,MSH2_HUMAN_Jia_2020,11,cider_gpt_oss_20b
0,1,96.87742551794138,0.4513889253139496,33,0.0,0.0,MSH2_HUMAN_Jia_2020,23,random
0,0,76.90011343960833,0.7523148059844971,7,0.0,0.0,MSH2_HUMAN_Jia_2020,23,plm_greedy
0,5,98.01779210699146,0.4097222089767456,16,0.0,0.0,MSH2_HUMAN_Jia_2020,23,plm_diverse
0,3,98.1133201982208,0.4050925672054291,19,0.0,0.0,MSH2_HUMAN_Jia_2020,23,ucb
0,3,98.1133201982208,0.4050925672054291,19,0.0,0.0,MSH2_HUMAN_Jia_2020,23,ei
0,3,98.1133201982208,0.4050925672054291,19,0.0,0.0,MSH2_HUMAN_Jia_2020,23,thompson
0,0,76.90011343960833,0.7523148059844971,7,0.0,0.0,MSH2_HUMAN_Jia_2020,23,prior_first_al
0,3,98.1133201982208,0.4050925672054291,19,0.0,0.0,MSH2_HUMAN_Jia_2020,23,folde_lite
0,3,98.1133201982208,0.4050925672054291,19,0.0,0.0,MSH2_HUMAN_Jia_2020,23,cider_fixed
0,3,98.1133201982208,0.4050925672054291,19,0.0,0.0,MSH2_HUMAN_Jia_2020,23,cider_qwen35_4b
0,3,98.1133201982208,0.4050925672054291,19,0.0,0.0,MSH2_HUMAN_Jia_2020,23,cider_qwen3_8b
0,3,98.1133201982208,0.4050925672054291,19,0.0,0.0,MSH2_HUMAN_Jia_2020,23,cider_gpt_oss_20b
0,2,95.80870499731328,0.4814815521240234,32,0.0,0.0,MSH2_HUMAN_Jia_2020,37,random
0,0,76.90011343960833,0.7523148059844971,7,0.0,0.0,MSH2_HUMAN_Jia_2020,37,plm_greedy
0,5,98.01779210699146,0.4097222089767456,16,0.0,0.0,MSH2_HUMAN_Jia_2020,37,plm_diverse
0,3,98.1133201982208,0.4050925672054291,19,0.0,0.0,MSH2_HUMAN_Jia_2020,37,ucb
0,3,98.1133201982208,0.4050925672054291,19,0.0,0.0,MSH2_HUMAN_Jia_2020,37,ei
0,3,98.1133201982208,0.4050925672054291,19,0.0,0.0,MSH2_HUMAN_Jia_2020,37,thompson
0,0,76.90011343960833,0.7523148059844971,7,0.0,0.0,MSH2_HUMAN_Jia_2020,37,prior_first_al
0,3,98.1133201982208,0.4050925672054291,19,0.0,0.0,MSH2_HUMAN_Jia_2020,37,folde_lite
0,3,98.1133201982208,0.4050925672054291,19,0.0,0.0,MSH2_HUMAN_Jia_2020,37,cider_fixed
0,3,98.1133201982208,0.4050925672054291,19,0.0,0.0,MSH2_HUMAN_Jia_2020,37,cider_qwen35_4b
0,3,98.1133201982208,0.4050925672054291,19,0.0,0.0,MSH2_HUMAN_Jia_2020,37,cider_qwen3_8b
0,3,98.1133201982208,0.4050925672054291,19,0.0,0.0,MSH2_HUMAN_Jia_2020,37,cider_gpt_oss_20b
1,7,99.726306409522,0.3253238797187805,30,0.0,0.0,POLG_CXB3N_Mattenberger_2021,11,random
0,2,97.07848004582776,0.5223646759986877,9,0.0,0.0,POLG_CXB3N_Mattenberger_2021,11,plm_greedy
0,4,98.73337152313664,0.4458277225494385,17,0.0,0.0,POLG_CXB3N_Mattenberger_2021,11,plm_diverse
1,14,99.9299853605754,0.2121908217668533,8,0.0,0.0,POLG_CXB3N_Mattenberger_2021,11,ucb
1,14,99.9299853605754,0.2121908217668533,8,0.0,0.0,POLG_CXB3N_Mattenberger_2021,11,ei
1,14,99.9299853605754,0.2121908217668533,8,0.0,0.0,POLG_CXB3N_Mattenberger_2021,11,thompson
0,2,97.07848004582776,0.5223646759986877,9,0.0,0.0,POLG_CXB3N_Mattenberger_2021,11,prior_first_al
1,14,99.9299853605754,0.2121908217668533,8,0.0,0.0,POLG_CXB3N_Mattenberger_2021,11,folde_lite
1,14,99.9299853605754,0.2121908217668533,8,0.0,0.0,POLG_CXB3N_Mattenberger_2021,11,cider_fixed
1,14,99.9299853605754,0.2121908217668533,8,0.0,0.0,POLG_CXB3N_Mattenberger_2021,11,cider_qwen35_4b
1,14,99.9299853605754,0.2121908217668533,8,0.0,0.0,POLG_CXB3N_Mattenberger_2021,11,cider_qwen3_8b
1,14,99.9299853605754,0.2121908217668533,8,0.0,0.0,POLG_CXB3N_Mattenberger_2021,11,cider_gpt_oss_20b
1,6,99.9299853605754,0.2121908217668533,25,0.0,0.0,POLG_CXB3N_Mattenberger_2021,23,random
0,2,97.07848004582776,0.5223646759986877,9,0.0,0.0,POLG_CXB3N_Mattenberger_2021,23,plm_greedy
0,4,98.73337152313664,0.4458277225494385,17,0.0,0.0,POLG_CXB3N_Mattenberger_2021,23,plm_diverse
1,14,99.9299853605754,0.2121908217668533,8,0.0,0.0,POLG_CXB3N_Mattenberger_2021,23,ucb
1,14,99.9299853605754,0.2121908217668533,8,0.0,0.0,POLG_CXB3N_Mattenberger_2021,23,ei
1,14,99.9299853605754,0.2121908217668533,8,0.0,0.0,POLG_CXB3N_Mattenberger_2021,23,thompson
0,2,97.07848004582776,0.5223646759986877,9,0.0,0.0,POLG_CXB3N_Mattenberger_2021,23,prior_first_al
1,14,99.9299853605754,0.2121908217668533,8,0.0,0.0,POLG_CXB3N_Mattenberger_2021,23,folde_lite
1,14,99.9299853605754,0.2121908217668533,8,0.0,0.0,POLG_CXB3N_Mattenberger_2021,23,cider_fixed
1,14,99.9299853605754,0.2121908217668533,8,0.0,0.0,POLG_CXB3N_Mattenberger_2021,23,cider_qwen35_4b
1,14,99.9299853605754,0.2121908217668533,8,0.0,0.0,POLG_CXB3N_Mattenberger_2021,23,cider_qwen3_8b
1,14,99.9299853605754,0.2121908217668533,8,0.0,0.0,POLG_CXB3N_Mattenberger_2021,23,cider_gpt_oss_20b
0,7,98.56151740818537,0.455434650182724,33,0.0,0.0,POLG_CXB3N_Mattenberger_2021,37,random
0,2,97.07848004582776,0.5223646759986877,9,0.0,0.0,POLG_CXB3N_Mattenberger_2021,37,plm_greedy
0,4,98.73337152313664,0.4458277225494385,17,0.0,0.0,POLG_CXB3N_Mattenberger_2021,37,plm_diverse
1,14,99.9299853605754,0.2121908217668533,8,0.0,0.0,POLG_CXB3N_Mattenberger_2021,37,ucb
1,14,99.9299853605754,0.2121908217668533,8,0.0,0.0,POLG_CXB3N_Mattenberger_2021,37,ei
1,14,99.9299853605754,0.2121908217668533,8,0.0,0.0,POLG_CXB3N_Mattenberger_2021,37,thompson
0,2,97.07848004582776,0.5223646759986877,9,0.0,0.0,POLG_CXB3N_Mattenberger_2021,37,prior_first_al
1,14,99.9299853605754,0.2121908217668533,8,0.0,0.0,POLG_CXB3N_Mattenberger_2021,37,folde_lite
1,14,99.9299853605754,0.2121908217668533,8,0.0,0.0,POLG_CXB3N_Mattenberger_2021,37,cider_fixed
1,14,99.9299853605754,0.2121908217668533,8,0.0,0.0,POLG_CXB3N_Mattenberger_2021,37,cider_qwen35_4b
1,14,99.9299853605754,0.2121908217668533,8,0.0,0.0,POLG_CXB3N_Mattenberger_2021,37,cider_qwen3_8b
1,14,99.9299853605754,0.2121908217668533,8,0.0,0.0,POLG_CXB3N_Mattenberger_2021,37,cider_gpt_oss_20b
0,4,97.90020930389576,0.3912728428840637,28,0.0,0.0,A4_HUMAN_Seuma_2022,11,random
1,6,99.22355006414152,0.2910050451755523,3,0.0,0.0,A4_HUMAN_Seuma_2022,11,plm_greedy
0,5,98.40658969684694,0.364055871963501,16,0.0,0.0,A4_HUMAN_Seuma_2022,11,plm_diverse
1,6,99.22355006414152,0.2910050451755523,3,0.0,0.0,A4_HUMAN_Seuma_2022,11,ucb
1,6,99.22355006414152,0.2910050451755523,3,0.0,0.0,A4_HUMAN_Seuma_2022,11,ei
1,6,99.22355006414152,0.2910050451755523,3,0.0,0.0,A4_HUMAN_Seuma_2022,11,thompson
1,6,99.22355006414152,0.2910050451755523,3,0.0,0.0,A4_HUMAN_Seuma_2022,11,prior_first_al
1,6,99.22355006414152,0.2910050451755523,3,0.0,0.0,A4_HUMAN_Seuma_2022,11,folde_lite
1,6,99.22355006414152,0.2910050451755523,3,0.0,0.0,A4_HUMAN_Seuma_2022,11,cider_fixed
1,6,99.22355006414152,0.2910050451755523,3,0.0,0.0,A4_HUMAN_Seuma_2022,11,cider_qwen35_4b
1,6,99.22355006414152,0.2910050451755523,3,0.0,0.0,A4_HUMAN_Seuma_2022,11,cider_qwen3_8b
1,6,99.22355006414152,0.2910050451755523,3,0.0,0.0,A4_HUMAN_Seuma_2022,11,cider_gpt_oss_20b
0,9,98.0352440753494,0.3862104415893554,25,0.0,0.0,A4_HUMAN_Seuma_2022,23,random
1,6,99.22355006414152,0.2910050451755523,3,0.0,0.0,A4_HUMAN_Seuma_2022,23,plm_greedy
0,5,98.40658969684694,0.364055871963501,16,0.0,0.0,A4_HUMAN_Seuma_2022,23,plm_diverse
1,6,99.22355006414152,0.2910050451755523,3,0.0,0.0,A4_HUMAN_Seuma_2022,23,ucb
1,6,99.22355006414152,0.2910050451755523,3,0.0,0.0,A4_HUMAN_Seuma_2022,23,ei
1,6,99.22355006414152,0.2910050451755523,3,0.0,0.0,A4_HUMAN_Seuma_2022,23,thompson
1,6,99.22355006414152,0.2910050451755523,3,0.0,0.0,A4_HUMAN_Seuma_2022,23,prior_first_al
1,6,99.22355006414152,0.2910050451755523,3,0.0,0.0,A4_HUMAN_Seuma_2022,23,folde_lite
1,6,99.22355006414152,0.2910050451755523,3,0.0,0.0,A4_HUMAN_Seuma_2022,23,cider_fixed
1,6,99.22355006414152,0.2910050451755523,3,0.0,0.0,A4_HUMAN_Seuma_2022,23,cider_qwen35_4b
1,6,99.22355006414152,0.2910050451755523,3,0.0,0.0,A4_HUMAN_Seuma_2022,23,cider_qwen3_8b
1,6,99.22355006414152,0.2910050451755523,3,0.0,0.0,A4_HUMAN_Seuma_2022,23,cider_gpt_oss_20b
1,6,99.3788400513132,0.2694140672683716,27,0.0,0.0,A4_HUMAN_Seuma_2022,37,random
1,6,99.22355006414152,0.2910050451755523,3,0.0,0.0,A4_HUMAN_Seuma_2022,37,plm_greedy
0,5,98.40658969684694,0.364055871963501,16,0.0,0.0,A4_HUMAN_Seuma_2022,37,plm_diverse
1,6,99.22355006414152,0.2910050451755523,3,0.0,0.0,A4_HUMAN_Seuma_2022,37,ucb
1,6,99.22355006414152,0.2910050451755523,3,0.0,0.0,A4_HUMAN_Seuma_2022,37,ei
1,6,99.22355006414152,0.2910050451755523,3,0.0,0.0,A4_HUMAN_Seuma_2022,37,thompson
1,6,99.22355006414152,0.2910050451755523,3,0.0,0.0,A4_HUMAN_Seuma_2022,37,prior_first_al
1,6,99.22355006414152,0.2910050451755523,3,0.0,0.0,A4_HUMAN_Seuma_2022,37,folde_lite
1,6,99.22355006414152,0.2910050451755523,3,0.0,0.0,A4_HUMAN_Seuma_2022,37,cider_fixed
1,6,99.22355006414152,0.2910050451755523,3,0.0,0.0,A4_HUMAN_Seuma_2022,37,cider_qwen35_4b
1,6,99.22355006414152,0.2910050451755523,3,0.0,0.0,A4_HUMAN_Seuma_2022,37,cider_qwen3_8b
1,6,99.22355006414152,0.2910050451755523,3,0.0,0.0,A4_HUMAN_Seuma_2022,37,cider_gpt_oss_20b
1,5,99.91678801747452,0.717581570148468,30,0.0,0.0,A4D664_9INFA_Soh_2019,11,random
0,6,97.60072117051524,0.9138668179512024,47,0.0,0.0,A4D664_9INFA_Soh_2019,11,plm_greedy
1,5,99.54233409610984,0.8456906080245972,42,0.0,0.0,A4D664_9INFA_Soh_2019,11,plm_diverse
0,2,90.78427293530268,0.950631320476532,35,0.0,0.0,A4D664_9INFA_Soh_2019,11,ucb
0,2,90.78427293530268,0.950631320476532,35,0.0,0.0,A4D664_9INFA_Soh_2019,11,ei
0,2,90.78427293530268,0.950631320476532,35,0.0,0.0,A4D664_9INFA_Soh_2019,11,thompson
0,6,97.60072117051524,0.9138668179512024,47,0.0,0.0,A4D664_9INFA_Soh_2019,11,prior_first_al
0,2,90.78427293530268,0.950631320476532,35,0.0,0.0,A4D664_9INFA_Soh_2019,11,folde_lite
0,2,90.78427293530268,0.950631320476532,35,0.0,0.0,A4D664_9INFA_Soh_2019,11,cider_fixed
0,2,90.78427293530268,0.950631320476532,35,0.0,0.0,A4D664_9INFA_Soh_2019,11,cider_qwen35_4b
0,2,90.78427293530268,0.950631320476532,35,0.0,0.0,A4D664_9INFA_Soh_2019,11,cider_qwen3_8b
0,2,90.78427293530268,0.950631320476532,35,0.0,0.0,A4D664_9INFA_Soh_2019,11,cider_gpt_oss_20b
1,5,99.90291935372026,0.7287920713424683,29,0.0,0.0,A4D664_9INFA_Soh_2019,23,random
0,6,97.60072117051524,0.9138668179512024,47,0.0,0.0,A4D664_9INFA_Soh_2019,23,plm_greedy
1,5,99.54233409610984,0.8456906080245972,42,0.0,0.0,A4D664_9INFA_Soh_2019,23,plm_diverse
0,2,90.78427293530268,0.950631320476532,35,0.0,0.0,A4D664_9INFA_Soh_2019,23,ucb
0,2,90.78427293530268,0.950631320476532,35,0.0,0.0,A4D664_9INFA_Soh_2019,23,ei
0,2,90.78427293530268,0.950631320476532,35,0.0,0.0,A4D664_9INFA_Soh_2019,23,thompson
0,6,97.60072117051524,0.9138668179512024,47,0.0,0.0,A4D664_9INFA_Soh_2019,23,prior_first_al
0,2,90.78427293530268,0.950631320476532,35,0.0,0.0,A4D664_9INFA_Soh_2019,23,folde_lite
0,2,90.78427293530268,0.950631320476532,35,0.0,0.0,A4D664_9INFA_Soh_2019,23,cider_fixed
0,2,90.78427293530268,0.950631320476532,35,0.0,0.0,A4D664_9INFA_Soh_2019,23,cider_qwen35_4b
0,2,90.78427293530268,0.950631320476532,35,0.0,0.0,A4D664_9INFA_Soh_2019,23,cider_qwen3_8b
0,2,90.78427293530268,0.950631320476532,35,0.0,0.0,A4D664_9INFA_Soh_2019,23,cider_gpt_oss_20b
0,6,98.90437556341448,0.885816216468811,30,0.0,0.0,A4D664_9INFA_Soh_2019,37,random
0,6,97.60072117051524,0.9138668179512024,47,0.0,0.0,A4D664_9INFA_Soh_2019,37,plm_greedy
1,5,99.54233409610984,0.8456906080245972,42,0.0,0.0,A4D664_9INFA_Soh_2019,37,plm_diverse
0,2,90.78427293530268,0.950631320476532,35,0.0,0.0,A4D664_9INFA_Soh_2019,37,ucb
0,2,90.78427293530268,0.950631320476532,35,0.0,0.0,A4D664_9INFA_Soh_2019,37,ei
0,2,90.78427293530268,0.950631320476532,35,0.0,0.0,A4D664_9INFA_Soh_2019,37,thompson
0,6,97.60072117051524,0.9138668179512024,47,0.0,0.0,A4D664_9INFA_Soh_2019,37,prior_first_al
0,2,90.78427293530268,0.950631320476532,35,0.0,0.0,A4D664_9INFA_Soh_2019,37,folde_lite
0,2,90.78427293530268,0.950631320476532,35,0.0,0.0,A4D664_9INFA_Soh_2019,37,cider_fixed
0,2,90.78427293530268,0.950631320476532,35,0.0,0.0,A4D664_9INFA_Soh_2019,37,cider_qwen35_4b
0,2,90.78427293530268,0.950631320476532,35,0.0,0.0,A4D664_9INFA_Soh_2019,37,cider_qwen3_8b
0,2,90.78427293530268,0.950631320476532,35,0.0,0.0,A4D664_9INFA_Soh_2019,37,cider_gpt_oss_20b
1,6,100.0,0.0,33,0.0,0.0,HSP82_YEAST_Flynn_2019,11,random
1,6,99.98495561907627,0.115505114197731,9,0.0,0.0,HSP82_YEAST_Flynn_2019,11,plm_greedy
1,5,99.96991123815256,0.1539743095636367,16,0.0,0.0,HSP82_YEAST_Flynn_2019,11,plm_diverse
0,2,94.03490296374304,0.80733323097229,5,0.0,0.0,HSP82_YEAST_Flynn_2019,11,ucb
0,2,94.03490296374304,0.80733323097229,5,0.0,0.0,HSP82_YEAST_Flynn_2019,11,ei
0,2,94.03490296374304,0.80733323097229,5,0.0,0.0,HSP82_YEAST_Flynn_2019,11,thompson
1,6,99.98495561907627,0.115505114197731,9,0.0,0.0,HSP82_YEAST_Flynn_2019,11,prior_first_al
0,2,94.03490296374304,0.80733323097229,5,0.0,0.0,HSP82_YEAST_Flynn_2019,11,folde_lite
0,2,94.03490296374304,0.80733323097229,5,0.0,0.0,HSP82_YEAST_Flynn_2019,11,cider_fixed
0,2,94.03490296374304,0.80733323097229,5,0.0,0.0,HSP82_YEAST_Flynn_2019,11,cider_qwen35_4b
0,2,94.03490296374304,0.80733323097229,5,0.0,0.0,HSP82_YEAST_Flynn_2019,11,cider_qwen3_8b
0,2,94.03490296374304,0.80733323097229,5,0.0,0.0,HSP82_YEAST_Flynn_2019,11,cider_gpt_oss_20b
1,5,99.94734466676697,0.2311944663524627,28,0.0,0.0,HSP82_YEAST_Flynn_2019,23,random
1,6,99.98495561907627,0.115505114197731,9,0.0,0.0,HSP82_YEAST_Flynn_2019,23,plm_greedy
1,5,99.96991123815256,0.1539743095636367,16,0.0,0.0,HSP82_YEAST_Flynn_2019,23,plm_diverse
0,2,94.03490296374304,0.80733323097229,5,0.0,0.0,HSP82_YEAST_Flynn_2019,23,ucb
0,2,94.03490296374304,0.80733323097229,5,0.0,0.0,HSP82_YEAST_Flynn_2019,23,ei
0,2,94.03490296374304,0.80733323097229,5,0.0,0.0,HSP82_YEAST_Flynn_2019,23,thompson
1,6,99.98495561907627,0.115505114197731,9,0.0,0.0,HSP82_YEAST_Flynn_2019,23,prior_first_al
0,2,94.03490296374304,0.80733323097229,5,0.0,0.0,HSP82_YEAST_Flynn_2019,23,folde_lite
0,2,94.03490296374304,0.80733323097229,5,0.0,0.0,HSP82_YEAST_Flynn_2019,23,cider_fixed
0,2,94.03490296374304,0.80733323097229,5,0.0,0.0,HSP82_YEAST_Flynn_2019,23,cider_qwen35_4b
0,2,94.03490296374304,0.80733323097229,5,0.0,0.0,HSP82_YEAST_Flynn_2019,23,cider_qwen3_8b
0,2,94.03490296374304,0.80733323097229,5,0.0,0.0,HSP82_YEAST_Flynn_2019,23,cider_gpt_oss_20b
1,6,99.95486685722884,0.1696979701519012,33,0.0,0.0,HSP82_YEAST_Flynn_2019,37,random
1,6,99.98495561907627,0.115505114197731,9,0.0,0.0,HSP82_YEAST_Flynn_2019,37,plm_greedy
1,5,99.96991123815256,0.1539743095636367,16,0.0,0.0,HSP82_YEAST_Flynn_2019,37,plm_diverse
0,2,94.03490296374304,0.80733323097229,5,0.0,0.0,HSP82_YEAST_Flynn_2019,37,ucb
0,2,94.03490296374304,0.80733323097229,5,0.0,0.0,HSP82_YEAST_Flynn_2019,37,ei
0,2,94.03490296374304,0.80733323097229,5,0.0,0.0,HSP82_YEAST_Flynn_2019,37,thompson
1,6,99.98495561907627,0.115505114197731,9,0.0,0.0,HSP82_YEAST_Flynn_2019,37,prior_first_al
0,2,94.03490296374304,0.80733323097229,5,0.0,0.0,HSP82_YEAST_Flynn_2019,37,folde_lite
0,2,94.03490296374304,0.80733323097229,5,0.0,0.0,HSP82_YEAST_Flynn_2019,37,cider_fixed
0,2,94.03490296374304,0.80733323097229,5,0.0,0.0,HSP82_YEAST_Flynn_2019,37,cider_qwen35_4b
0,2,94.03490296374304,0.80733323097229,5,0.0,0.0,HSP82_YEAST_Flynn_2019,37,cider_qwen3_8b
0,2,94.03490296374304,0.80733323097229,5,0.0,0.0,HSP82_YEAST_Flynn_2019,37,cider_gpt_oss_20b
